/*
Navicat MySQL Data Transfer

Source Server         : localhost
Source Server Version : 50717
Source Host           : localhost:3306
Source Database       : workflows

Target Server Type    : MYSQL
Target Server Version : 50717
File Encoding         : 65001

Date: 2020-05-15 22:17:18
*/

SET FOREIGN_KEY_CHECKS=0;

-- ----------------------------
-- Table structure for act_evt_log
-- ----------------------------
DROP TABLE IF EXISTS `act_evt_log`;
CREATE TABLE `act_evt_log` (
  `LOG_NR_` bigint(20) NOT NULL AUTO_INCREMENT,
  `TYPE_` varchar(64) COLLATE utf8_bin DEFAULT NULL,
  `PROC_DEF_ID_` varchar(64) COLLATE utf8_bin DEFAULT NULL,
  `PROC_INST_ID_` varchar(64) COLLATE utf8_bin DEFAULT NULL,
  `EXECUTION_ID_` varchar(64) COLLATE utf8_bin DEFAULT NULL,
  `TASK_ID_` varchar(64) COLLATE utf8_bin DEFAULT NULL,
  `TIME_STAMP_` timestamp(3) NOT NULL DEFAULT CURRENT_TIMESTAMP(3) ON UPDATE CURRENT_TIMESTAMP(3),
  `USER_ID_` varchar(255) COLLATE utf8_bin DEFAULT NULL,
  `DATA_` longblob,
  `LOCK_OWNER_` varchar(255) COLLATE utf8_bin DEFAULT NULL,
  `LOCK_TIME_` timestamp(3) NULL DEFAULT NULL,
  `IS_PROCESSED_` tinyint(4) DEFAULT '0',
  PRIMARY KEY (`LOG_NR_`)
) ENGINE=InnoDB DEFAULT CHARSET=utf8 COLLATE=utf8_bin;

-- ----------------------------
-- Records of act_evt_log
-- ----------------------------

-- ----------------------------
-- Table structure for act_ge_bytearray
-- ----------------------------
DROP TABLE IF EXISTS `act_ge_bytearray`;
CREATE TABLE `act_ge_bytearray` (
  `ID_` varchar(64) COLLATE utf8_bin NOT NULL,
  `REV_` int(11) DEFAULT NULL,
  `NAME_` varchar(255) COLLATE utf8_bin DEFAULT NULL,
  `DEPLOYMENT_ID_` varchar(64) COLLATE utf8_bin DEFAULT NULL,
  `BYTES_` longblob,
  `GENERATED_` tinyint(4) DEFAULT NULL,
  PRIMARY KEY (`ID_`),
  KEY `ACT_FK_BYTEARR_DEPL` (`DEPLOYMENT_ID_`),
  CONSTRAINT `ACT_FK_BYTEARR_DEPL` FOREIGN KEY (`DEPLOYMENT_ID_`) REFERENCES `act_re_deployment` (`ID_`)
) ENGINE=InnoDB DEFAULT CHARSET=utf8 COLLATE=utf8_bin;

-- ----------------------------
-- Records of act_ge_bytearray
-- ----------------------------
INSERT INTO `act_ge_bytearray` VALUES ('2', '1', 'process/group.bpmn', '1', 0x3C3F786D6C2076657273696F6E3D22312E302220656E636F64696E673D225554462D3822207374616E64616C6F6E653D22796573223F3E0D0A3C646566696E6974696F6E7320786D6C6E733D22687474703A2F2F7777772E6F6D672E6F72672F737065632F42504D4E2F32303130303532342F4D4F44454C2220786D6C6E733A61637469766974693D22687474703A2F2F61637469766974692E6F72672F62706D6E2220786D6C6E733A62706D6E64693D22687474703A2F2F7777772E6F6D672E6F72672F737065632F42504D4E2F32303130303532342F44492220786D6C6E733A6F6D6764633D22687474703A2F2F7777772E6F6D672E6F72672F737065632F44442F32303130303532342F44432220786D6C6E733A6F6D6764693D22687474703A2F2F7777772E6F6D672E6F72672F737065632F44442F32303130303532342F44492220786D6C6E733A746E733D22687474703A2F2F7777772E61637469766974692E6F72672F746573742220786D6C6E733A7873643D22687474703A2F2F7777772E77332E6F72672F323030312F584D4C536368656D612220786D6C6E733A7873693D22687474703A2F2F7777772E77332E6F72672F323030312F584D4C536368656D612D696E7374616E6365222065787072657373696F6E4C616E67756167653D22687474703A2F2F7777772E77332E6F72672F313939392F5850617468222069643D226D3135383934323135303534323622206E616D653D2222207461726765744E616D6573706163653D22687474703A2F2F7777772E61637469766974692E6F72672F746573742220747970654C616E67756167653D22687474703A2F2F7777772E77332E6F72672F323030312F584D4C536368656D61223E0D0A20203C70726F636573732069643D226D7950726F636573735F3122206973436C6F7365643D2266616C73652220697345786563757461626C653D2274727565222070726F63657373547970653D224E6F6E65223E0D0A202020203C73746172744576656E742069643D225F3222206E616D653D22E5BC80E5A78B222F3E0D0A202020203C757365725461736B2061637469766974693A63616E64696461746555736572733D22247B67726F7570317D222061637469766974693A6578636C75736976653D2274727565222069643D225F3322206E616D653D22E4B89AE58AA1E983A8E5AEA1E689B9222F3E0D0A202020203C757365725461736B2061637469766974693A63616E64696461746555736572733D22247B67726F7570327D222061637469766974693A6578636C75736976653D2274727565222069643D225F3422206E616D653D22E68A80E69CAFE983A8E5AEA1E689B9222F3E0D0A202020203C757365725461736B2061637469766974693A63616E64696461746555736572733D22247B67726F7570337D222061637469766974693A6578636C75736976653D2274727565222069643D225F3522206E616D653D22E9A286E5AFBCE983A8E5AEA1E689B9222F3E0D0A202020203C757365725461736B2061637469766974693A63616E64696461746555736572733D22247B67726F7570347D222061637469766974693A6578636C75736976653D2274727565222069643D225F3622206E616D653D22E8B584E6BA90E983A8E5AEA1E689B9222F3E0D0A202020203C656E644576656E742069643D225F3722206E616D653D22456E644576656E74222F3E0D0A202020203C73657175656E6365466C6F772069643D225F382220736F757263655265663D225F3222207461726765745265663D225F33222F3E0D0A202020203C73657175656E6365466C6F772069643D225F392220736F757263655265663D225F3322207461726765745265663D225F34222F3E0D0A202020203C73657175656E6365466C6F772069643D225F31302220736F757263655265663D225F3422207461726765745265663D225F35222F3E0D0A202020203C73657175656E6365466C6F772069643D225F31312220736F757263655265663D225F3522207461726765745265663D225F36222F3E0D0A202020203C73657175656E6365466C6F772069643D225F31322220736F757263655265663D225F3622207461726765745265663D225F37222F3E0D0A20203C2F70726F636573733E0D0A20203C62706D6E64693A42504D4E4469616772616D20646F63756D656E746174696F6E3D226261636B67726F756E643D234646464646463B636F756E743D313B686F72697A6F6E74616C636F756E743D313B6F7269656E746174696F6E3D303B77696474683D3834322E343B6865696768743D313139352E323B696D61676561626C6557696474683D3833322E343B696D61676561626C654865696768743D313138352E323B696D61676561626C65583D352E303B696D61676561626C65593D352E30222069643D224469616772616D2D5F3122206E616D653D224E6577204469616772616D223E0D0A202020203C62706D6E64693A42504D4E506C616E652062706D6E456C656D656E743D226D7950726F636573735F31223E0D0A2020202020203C62706D6E64693A42504D4E53686170652062706D6E456C656D656E743D225F32222069643D2253686170652D5F32223E0D0A20202020202020203C6F6D6764633A426F756E6473206865696768743D2233322E30222077696474683D2233322E302220783D223330302E302220793D2233352E30222F3E0D0A20202020202020203C62706D6E64693A42504D4E4C6162656C3E0D0A202020202020202020203C6F6D6764633A426F756E6473206865696768743D2233322E30222077696474683D2233322E302220783D22302E302220793D22302E30222F3E0D0A20202020202020203C2F62706D6E64693A42504D4E4C6162656C3E0D0A2020202020203C2F62706D6E64693A42504D4E53686170653E0D0A2020202020203C62706D6E64693A42504D4E53686170652062706D6E456C656D656E743D225F33222069643D2253686170652D5F33223E0D0A20202020202020203C6F6D6764633A426F756E6473206865696768743D2235352E30222077696474683D2238352E302220783D223237352E302220793D223131352E30222F3E0D0A20202020202020203C62706D6E64693A42504D4E4C6162656C3E0D0A202020202020202020203C6F6D6764633A426F756E6473206865696768743D2235352E30222077696474683D2238352E302220783D22302E302220793D22302E30222F3E0D0A20202020202020203C2F62706D6E64693A42504D4E4C6162656C3E0D0A2020202020203C2F62706D6E64693A42504D4E53686170653E0D0A2020202020203C62706D6E64693A42504D4E53686170652062706D6E456C656D656E743D225F34222069643D2253686170652D5F34223E0D0A20202020202020203C6F6D6764633A426F756E6473206865696768743D2235352E30222077696474683D2238352E302220783D223237352E302220793D223230302E30222F3E0D0A20202020202020203C62706D6E64693A42504D4E4C6162656C3E0D0A202020202020202020203C6F6D6764633A426F756E6473206865696768743D2235352E30222077696474683D2238352E302220783D22302E302220793D22302E30222F3E0D0A20202020202020203C2F62706D6E64693A42504D4E4C6162656C3E0D0A2020202020203C2F62706D6E64693A42504D4E53686170653E0D0A2020202020203C62706D6E64693A42504D4E53686170652062706D6E456C656D656E743D225F35222069643D2253686170652D5F35223E0D0A20202020202020203C6F6D6764633A426F756E6473206865696768743D2235352E30222077696474683D2238352E302220783D223237352E302220793D223239302E30222F3E0D0A20202020202020203C62706D6E64693A42504D4E4C6162656C3E0D0A202020202020202020203C6F6D6764633A426F756E6473206865696768743D2235352E30222077696474683D2238352E302220783D22302E302220793D22302E30222F3E0D0A20202020202020203C2F62706D6E64693A42504D4E4C6162656C3E0D0A2020202020203C2F62706D6E64693A42504D4E53686170653E0D0A2020202020203C62706D6E64693A42504D4E53686170652062706D6E456C656D656E743D225F36222069643D2253686170652D5F36223E0D0A20202020202020203C6F6D6764633A426F756E6473206865696768743D2235352E30222077696474683D2238352E302220783D223237352E302220793D223339302E30222F3E0D0A20202020202020203C62706D6E64693A42504D4E4C6162656C3E0D0A202020202020202020203C6F6D6764633A426F756E6473206865696768743D2235352E30222077696474683D2238352E302220783D22302E302220793D22302E30222F3E0D0A20202020202020203C2F62706D6E64693A42504D4E4C6162656C3E0D0A2020202020203C2F62706D6E64693A42504D4E53686170653E0D0A2020202020203C62706D6E64693A42504D4E53686170652062706D6E456C656D656E743D225F37222069643D2253686170652D5F37223E0D0A20202020202020203C6F6D6764633A426F756E6473206865696768743D2233322E30222077696474683D2233322E302220783D223330302E302220793D223438302E30222F3E0D0A20202020202020203C62706D6E64693A42504D4E4C6162656C3E0D0A202020202020202020203C6F6D6764633A426F756E6473206865696768743D2233322E30222077696474683D2233322E302220783D22302E302220793D22302E30222F3E0D0A20202020202020203C2F62706D6E64693A42504D4E4C6162656C3E0D0A2020202020203C2F62706D6E64693A42504D4E53686170653E0D0A2020202020203C62706D6E64693A42504D4E456467652062706D6E456C656D656E743D225F3132222069643D2242504D4E456467655F5F31322220736F75726365456C656D656E743D225F362220746172676574456C656D656E743D225F37223E0D0A20202020202020203C6F6D6764693A776179706F696E7420783D223331362E302220793D223434352E30222F3E0D0A20202020202020203C6F6D6764693A776179706F696E7420783D223331362E302220793D223438302E30222F3E0D0A20202020202020203C62706D6E64693A42504D4E4C6162656C3E0D0A202020202020202020203C6F6D6764633A426F756E6473206865696768743D22302E30222077696474683D22302E302220783D22302E302220793D22302E30222F3E0D0A20202020202020203C2F62706D6E64693A42504D4E4C6162656C3E0D0A2020202020203C2F62706D6E64693A42504D4E456467653E0D0A2020202020203C62706D6E64693A42504D4E456467652062706D6E456C656D656E743D225F38222069643D2242504D4E456467655F5F382220736F75726365456C656D656E743D225F322220746172676574456C656D656E743D225F33223E0D0A20202020202020203C6F6D6764693A776179706F696E7420783D223331362E302220793D2236372E30222F3E0D0A20202020202020203C6F6D6764693A776179706F696E7420783D223331362E302220793D223131352E30222F3E0D0A20202020202020203C62706D6E64693A42504D4E4C6162656C3E0D0A202020202020202020203C6F6D6764633A426F756E6473206865696768743D22302E30222077696474683D22302E302220783D22302E302220793D22302E30222F3E0D0A20202020202020203C2F62706D6E64693A42504D4E4C6162656C3E0D0A2020202020203C2F62706D6E64693A42504D4E456467653E0D0A2020202020203C62706D6E64693A42504D4E456467652062706D6E456C656D656E743D225F39222069643D2242504D4E456467655F5F392220736F75726365456C656D656E743D225F332220746172676574456C656D656E743D225F34223E0D0A20202020202020203C6F6D6764693A776179706F696E7420783D223331372E352220793D223137302E30222F3E0D0A20202020202020203C6F6D6764693A776179706F696E7420783D223331372E352220793D223230302E30222F3E0D0A20202020202020203C62706D6E64693A42504D4E4C6162656C3E0D0A202020202020202020203C6F6D6764633A426F756E6473206865696768743D22302E30222077696474683D22302E302220783D22302E302220793D22302E30222F3E0D0A20202020202020203C2F62706D6E64693A42504D4E4C6162656C3E0D0A2020202020203C2F62706D6E64693A42504D4E456467653E0D0A2020202020203C62706D6E64693A42504D4E456467652062706D6E456C656D656E743D225F3131222069643D2242504D4E456467655F5F31312220736F75726365456C656D656E743D225F352220746172676574456C656D656E743D225F36223E0D0A20202020202020203C6F6D6764693A776179706F696E7420783D223331372E352220793D223334352E30222F3E0D0A20202020202020203C6F6D6764693A776179706F696E7420783D223331372E352220793D223339302E30222F3E0D0A20202020202020203C62706D6E64693A42504D4E4C6162656C3E0D0A202020202020202020203C6F6D6764633A426F756E6473206865696768743D22302E30222077696474683D22302E302220783D22302E302220793D22302E30222F3E0D0A20202020202020203C2F62706D6E64693A42504D4E4C6162656C3E0D0A2020202020203C2F62706D6E64693A42504D4E456467653E0D0A2020202020203C62706D6E64693A42504D4E456467652062706D6E456C656D656E743D225F3130222069643D2242504D4E456467655F5F31302220736F75726365456C656D656E743D225F342220746172676574456C656D656E743D225F35223E0D0A20202020202020203C6F6D6764693A776179706F696E7420783D223331372E352220793D223235352E30222F3E0D0A20202020202020203C6F6D6764693A776179706F696E7420783D223331372E352220793D223239302E30222F3E0D0A20202020202020203C62706D6E64693A42504D4E4C6162656C3E0D0A202020202020202020203C6F6D6764633A426F756E6473206865696768743D22302E30222077696474683D22302E302220783D22302E302220793D22302E30222F3E0D0A20202020202020203C2F62706D6E64693A42504D4E4C6162656C3E0D0A2020202020203C2F62706D6E64693A42504D4E456467653E0D0A202020203C2F62706D6E64693A42504D4E506C616E653E0D0A20203C2F62706D6E64693A42504D4E4469616772616D3E0D0A3C2F646566696E6974696F6E733E0D0A, '0');
INSERT INTO `act_ge_bytearray` VALUES ('27502', '1', 'source', null, 0x7B226964223A2263616E766173222C227265736F757263654964223A2263616E766173222C227374656E63696C736574223A7B226E616D657370616365223A22687474703A2F2F62336D6E2E6F72672F7374656E63696C7365742F62706D6E322E3023227D7D, null);
INSERT INTO `act_ge_bytearray` VALUES ('27504', '2', 'source', null, 0x7B227265736F757263654964223A223237353033222C2270726F70657274696573223A7B2270726F636573735F6964223A22E6B58BE8AF95E7BC96E8AF91E599A8E79A84E6B581E7A88B222C226E616D65223A22222C22646F63756D656E746174696F6E223A22222C2270726F636573735F617574686F72223A22222C2270726F636573735F76657273696F6E223A22222C2270726F636573735F6E616D657370616365223A22687474703A2F2F7777772E61637469766974692E6F72672F70726F63657373646566222C22657865637574696F6E6C697374656E657273223A22222C226576656E746C697374656E657273223A22222C227369676E616C646566696E6974696F6E73223A22222C226D657373616765646566696E6974696F6E73223A22227D2C227374656E63696C223A7B226964223A2242504D4E4469616772616D227D2C226368696C64536861706573223A5B7B227265736F757263654964223A227369642D41323533443636462D423535332D344341412D414444312D393546414244443241323837222C2270726F70657274696573223A7B226F766572726964656964223A22222C226E616D65223A22E5BC80E5A78B222C22646F63756D656E746174696F6E223A22222C22657865637574696F6E6C697374656E657273223A22222C22696E69746961746F72223A22222C22666F726D6B6579646566696E6974696F6E223A22222C22666F726D7265666572656E6365223A22222C22666F726D70726F70657274696573223A22227D2C227374656E63696C223A7B226964223A2253746172744E6F6E654576656E74227D2C226368696C64536861706573223A5B5D2C226F7574676F696E67223A5B7B227265736F757263654964223A227369642D39393942383339352D303144332D343542372D423833342D464239464131413930363834227D5D2C22626F756E6473223A7B226C6F7765725269676874223A7B2278223A3138312E353135313530303535353934392C2279223A3139332E38393839333835353134323639377D2C2275707065724C656674223A7B2278223A3135312E353135313530303535353934392C2279223A3136332E38393839333835353134323639377D7D2C22646F636B657273223A5B5D7D2C7B227265736F757263654964223A227369642D39353336353232362D464431322D344336382D423432372D443639433231363442363034222C2270726F70657274696573223A7B226F766572726964656964223A225F31222C226E616D65223A22E4B89AE58AA1E983A8E5AEA1E6A0B8222C22646F63756D656E746174696F6E223A22222C226173796E6368726F6E6F7573646566696E6974696F6E223A2266616C7365222C226578636C7573697665646566696E6974696F6E223A2266616C7365222C22657865637574696F6E6C697374656E657273223A22222C226D756C7469696E7374616E63655F74797065223A224E6F6E65222C226D756C7469696E7374616E63655F63617264696E616C697479223A22222C226D756C7469696E7374616E63655F636F6C6C656374696F6E223A22222C226D756C7469696E7374616E63655F7661726961626C65223A22222C226D756C7469696E7374616E63655F636F6E646974696F6E223A22222C226973666F72636F6D70656E736174696F6E223A2266616C7365222C22757365727461736B61737369676E6D656E74223A22222C22666F726D6B6579646566696E6974696F6E223A22222C22666F726D7265666572656E6365223A22222C2264756564617465646566696E6974696F6E223A22222C227072696F72697479646566696E6974696F6E223A22222C22666F726D70726F70657274696573223A22222C227461736B6C697374656E657273223A22227D2C227374656E63696C223A7B226964223A22557365725461736B227D2C226368696C64536861706573223A5B5D2C226F7574676F696E67223A5B7B227265736F757263654964223A227369642D35413242433642352D453036392D343843462D393445392D393442413835384134353244227D5D2C22626F756E6473223A7B226C6F7765725269676874223A7B2278223A3332372E323832383236303733353630392C2279223A3230362E32383237323730343732353930347D2C2275707065724C656674223A7B2278223A3232372E32373237323530383333393233322C2279223A3135312E353135313530303535353934397D7D2C22646F636B657273223A5B5D7D2C7B227265736F757263654964223A227369642D39393942383339352D303144332D343542372D423833342D464239464131413930363834222C2270726F70657274696573223A7B226F766572726964656964223A22222C226E616D65223A22222C22646F63756D656E746174696F6E223A22222C22636F6E646974696F6E73657175656E6365666C6F77223A22222C22657865637574696F6E6C697374656E657273223A22222C2264656661756C74666C6F77223A2266616C7365222C2273686F776469616D6F6E646D61726B6572223A66616C73657D2C227374656E63696C223A7B226964223A2253657175656E6365466C6F77227D2C226368696C64536861706573223A5B5D2C226F7574676F696E67223A5B7B227265736F757263654964223A227369642D39353336353232362D464431322D344336382D423432372D443639433231363442363034227D5D2C22626F756E6473223A7B226C6F7765725269676874223A7B2278223A3232362E39353337393339303033313833322C2279223A3137382E38393839333835353134323639377D2C2275707065724C656674223A7B2278223A3138322E32323538313132353738353235372C2279223A3137382E38393839333835353134323639377D7D2C22646F636B657273223A5B7B2278223A31342E3939393939393939393939393937322C2279223A31357D2C7B2278223A35302E30303530353034393530383432392C2279223A32372E3338333738383439353833323037357D5D2C22746172676574223A7B227265736F757263654964223A227369642D39353336353232362D464431322D344336382D423432372D443639433231363442363034227D7D2C7B227265736F757263654964223A227369642D35413242433642352D453036392D343843462D393445392D393442413835384134353244222C2270726F70657274696573223A7B226F766572726964656964223A22222C226E616D65223A22222C22646F63756D656E746174696F6E223A22222C22636F6E646974696F6E73657175656E6365666C6F77223A22222C22657865637574696F6E6C697374656E657273223A22222C2264656661756C74666C6F77223A2266616C7365222C2273686F776469616D6F6E646D61726B6572223A66616C73657D2C227374656E63696C223A7B226964223A2253657175656E6365466C6F77227D2C226368696C64536861706573223A5B5D2C226F7574676F696E67223A5B7B227265736F757263654964223A227369642D44443132344234412D314641462D343946412D394644422D423344343044393942354636227D5D2C22626F756E6473223A7B226C6F7765725269676874223A7B2278223A3336332E313531363830353635313532322C2279223A3137392E303833333330343838383335317D2C2275707065724C656674223A7B2278223A3332382E3034303039313431373430342C2279223A3137382E39303737323736333130383230387D7D2C22646F636B657273223A5B7B2278223A39392E303039393939393830323636392C2279223A32372E3338333738383439353833323037357D2C7B2278223A35392E35393038353839393832373936332C2279223A32372E3836383633343937303032393934387D5D2C22746172676574223A7B227265736F757263654964223A227369642D44443132344234412D314641462D343946412D394644422D423344343044393942354636227D7D2C7B227265736F757263654964223A227369642D44443132344234412D314641462D343946412D394644422D423344343044393942354636222C2270726F70657274696573223A7B226F766572726964656964223A225F32222C226E616D65223A22E68A80E69CAFE983A8E5AEA1E6A0B85C6E222C22646F63756D656E746174696F6E223A22222C226173796E6368726F6E6F7573646566696E6974696F6E223A2266616C7365222C226578636C7573697665646566696E6974696F6E223A2266616C7365222C22657865637574696F6E6C697374656E657273223A22222C226D756C7469696E7374616E63655F74797065223A224E6F6E65222C226D756C7469696E7374616E63655F63617264696E616C697479223A22222C226D756C7469696E7374616E63655F636F6C6C656374696F6E223A22222C226D756C7469696E7374616E63655F7661726961626C65223A22222C226D756C7469696E7374616E63655F636F6E646974696F6E223A22222C226973666F72636F6D70656E736174696F6E223A2266616C7365222C22757365727461736B61737369676E6D656E74223A22222C22666F726D6B6579646566696E6974696F6E223A22222C22666F726D7265666572656E6365223A22222C2264756564617465646566696E6974696F6E223A22222C227072696F72697479646566696E6974696F6E223A22222C22666F726D70726F70657274696573223A22222C227461736B6C697374656E657273223A22227D2C227374656E63696C223A7B226964223A22557365725461736B227D2C226368696C64536861706573223A5B5D2C226F7574676F696E67223A5B7B227265736F757263654964223A227369642D36333232443539432D354333462D344239382D384644382D383836314534373546383530227D5D2C22626F756E6473223A7B226C6F7765725269676874223A7B2278223A3438322E38313830373831323939383639332C2279223A3230372E32353234313939393536353437357D2C2275707065724C656674223A7B2278223A3336332E36333633363031333334323737332C2279223A3135312E353135313530303535353934397D7D2C22646F636B657273223A5B5D7D2C7B227265736F757263654964223A227369642D31303644433735322D453937362D343943322D413331372D303045414632314535454646222C2270726F70657274696573223A7B226F766572726964656964223A225F33222C226E616D65223A22E9A286E5AFBCE983A8E5AEA1E6A0B8222C22646F63756D656E746174696F6E223A22222C226173796E6368726F6E6F7573646566696E6974696F6E223A2266616C7365222C226578636C7573697665646566696E6974696F6E223A2266616C7365222C22657865637574696F6E6C697374656E657273223A22222C226D756C7469696E7374616E63655F74797065223A224E6F6E65222C226D756C7469696E7374616E63655F63617264696E616C697479223A22222C226D756C7469696E7374616E63655F636F6C6C656374696F6E223A22222C226D756C7469696E7374616E63655F7661726961626C65223A22222C226D756C7469696E7374616E63655F636F6E646974696F6E223A22222C226973666F72636F6D70656E736174696F6E223A2266616C7365222C22757365727461736B61737369676E6D656E74223A22222C22666F726D6B6579646566696E6974696F6E223A22222C22666F726D7265666572656E6365223A22222C2264756564617465646566696E6974696F6E223A22222C227072696F72697479646566696E6974696F6E223A22222C22666F726D70726F70657274696573223A22222C227461736B6C697374656E657273223A22227D2C227374656E63696C223A7B226964223A22557365725461736B227D2C226368696C64536861706573223A5B5D2C226F7574676F696E67223A5B7B227265736F757263654964223A227369642D30454636334645372D423744432D343237312D383231462D313534443730343333313131227D5D2C22626F756E6473223A7B226C6F7765725269676874223A7B2278223A3635302E343734373430313830343835372C2279223A3230362E32363735323430333135303032377D2C2275707065724C656674223A7B2278223A3534352E343534353430323030313431352C2279223A3135312E35333033353330373133353336367D7D2C22646F636B657273223A5B5D7D2C7B227265736F757263654964223A227369642D36333232443539432D354333462D344239382D384644382D383836314534373546383530222C2270726F70657274696573223A7B226F766572726964656964223A22222C226E616D65223A22222C22646F63756D656E746174696F6E223A22222C22636F6E646974696F6E73657175656E6365666C6F77223A22222C22657865637574696F6E6C697374656E657273223A22222C2264656661756C74666C6F77223A2266616C7365227D2C227374656E63696C223A7B226964223A2253657175656E6365466C6F77227D2C226368696C64536861706573223A5B5D2C226F7574676F696E67223A5B7B227265736F757263654964223A227369642D31303644433735322D453937362D343943322D413331372D303045414632314535454646227D5D2C22626F756E6473223A7B226C6F7765725269676874223A7B2278223A3534352E303839343732313633303338322C2279223A3137392E32313831333232303932373535357D2C2275707065724C656674223A7B2278223A3438322E393238303637363639303834352C2279223A3137392E303435363532303532333737397D7D2C22646F636B657273223A5B7B2278223A35392E35393038353839393832373935392C2279223A32372E38363836333439373030323939337D2C7B2278223A35322E35313030393939393031373230382C2279223A32372E3336383538353438303037333330377D5D2C22746172676574223A7B227265736F757263654964223A227369642D31303644433735322D453937362D343943322D413331372D303045414632314535454646227D7D2C7B227265736F757263654964223A227369642D34413330373135362D303535362D344439332D423531302D334437373332324233393233222C2270726F70657274696573223A7B226F766572726964656964223A22222C226E616D65223A22E7BB93E69D9F222C22646F63756D656E746174696F6E223A22222C22657865637574696F6E6C697374656E657273223A22227D2C227374656E63696C223A7B226964223A22456E644E6F6E654576656E74227D2C226368696C64536861706573223A5B5D2C226F7574676F696E67223A5B5D2C22626F756E6473223A7B226C6F7765725269676874223A7B2278223A3732342E393639363930323535373336342C2279223A3139322E38393839333835353134323639377D2C2275707065724C656674223A7B2278223A3639362E393639363930323535373336342C2279223A3136342E38393839333835353134323639377D7D2C22646F636B657273223A5B5D7D2C7B227265736F757263654964223A227369642D30454636334645372D423744432D343237312D383231462D313534443730343333313131222C2270726F70657274696573223A7B226F766572726964656964223A22222C226E616D65223A22222C22646F63756D656E746174696F6E223A22222C22636F6E646974696F6E73657175656E6365666C6F77223A22222C22657865637574696F6E6C697374656E657273223A22222C2264656661756C74666C6F77223A2266616C7365227D2C227374656E63696C223A7B226964223A2253657175656E6365466C6F77227D2C226368696C64536861706573223A5B5D2C226F7574676F696E67223A5B7B227265736F757263654964223A227369642D34413330373135362D303535362D344439332D423531302D334437373332324233393233227D5D2C22626F756E6473223A7B226C6F7765725269676874223A7B2278223A3639362E373236393130393531313934372C2279223A3137382E38393839333835353134323639377D2C2275707065724C656674223A7B2278223A3635312E303532393035343534383434342C2279223A3137382E38393839333835353134323639377D7D2C22646F636B657273223A5B7B2278223A35322E35313030393939393031373230382C2279223A32372E3336383538353438303037333330377D2C7B2278223A31342C2279223A31347D5D2C22746172676574223A7B227265736F757263654964223A227369642D34413330373135362D303535362D344439332D423531302D334437373332324233393233227D7D5D2C22626F756E6473223A7B226C6F7765725269676874223A7B2278223A313230302C2279223A313035307D2C2275707065724C656674223A7B2278223A302C2279223A307D7D2C227374656E63696C736574223A7B2275726C223A227374656E63696C736574732F62706D6E322E302F62706D6E322E302E6A736F6E222C226E616D657370616365223A22687474703A2F2F62336D6E2E6F72672F7374656E63696C7365742F62706D6E322E3023227D2C227373657874656E73696F6E73223A5B5D7D, null);
INSERT INTO `act_ge_bytearray` VALUES ('27505', '1', 'source-extra', null, 0x89504E470D0A1A0A0000000D49484452000003070000010108060000002D9ED97B000000206348524D00007A26000080840000FA00000080E8000075300000EA6000003A98000017709CBA513C0000000467414D410000B18E7CFB5193000000017352474200AECE1CE900000006624B474400FF00FF00FFA0BDA793000000097048597300000EC400000EC401952B0E1B000020004944415478DAEDDD099C9565BD38F077860146566551D09B5AAE981AA57FCDB284AE92792BF59F2482269A5DFF96754D4DB334BD1FBD599A5696D9CD5D3471BB6AA9B8867B9AA6E282A864E082208BECC33230FFE7F7720EF7300222CC72E6CCF7FBF93C9FB3CC999973DEF7779EFD79DE2C03000000000000000000000000000000000000000000000000000000000000000000000000000000000000000000000000000000000000000000000000000000000000000000000000000000000000000000000000000000000000000000000000000000000000000000000000000000000000000000000000000000000000000000000000000000000000000000000000000000000000000000000000000000000000000000000000000000000000000000000000000000000000000000000000000000000000000000000000000000000000000000000000000000000000000000000000000000000000000000000000000000000000000000000000000000000000000000000000000000000000000000000000000000000000000000000000000000000000000000000000000000000000000000000000000000000000000000000000000000000000000000000000000000000000000000000000000000000000000000000000000000000000000000000000000000000000000000000000000000000000000000000000000000000000000000000000000000000000000000000000000000000000000000000000000000000000000000000000000000000080F6A2CA2180F23276ECD8DA747364E7CE9D8FACAFAFDF65E9D2A55D972F5FEEBBBAA1995D5555D6A953A7BA0E1D3ABCBC64C9922BD253970F1E3C78515BFB1C8F3CF2C8C135353527A6B81898E2A3EBB265CBC446F9C5D9828E1D3B3E9BCED1C5E9FCDC9CE2ACDE91F9C078DE35C57377F1DCAC71392FC5E5387189C601B421F7DE7BEF31A9F27A41F7EEDDBBF4E9D3A7A667CF9E59972E5DB2EAEA6A076703A5065656575797CD9D3B379B397366FD9C3973EA5201F9A3FDF6DBEFB76D243606A6C2FDCFA970EFBFE9A69B76D864934DF2D848F1E2E496619CCD9E3D3B7BF7DD77EB172D5A342D3546BF3C64C890E71C9DF7C5F3AD299E374FF1DC493CB75C5C4E9B366D71F24E8ACB83C5251A0750A6C68E1DDBADBEBEFEDAAE5DBBEE3560C0804DA390A479A54A5B367EFCF8690B162C783E5548BE3E78F0E0D9651C1F87A69BAB76D86187DA5EBD7AE5BD80B40D51194B71B628C5D8719FFFFCE7AF724456C4734343C3153BEEB86317F1DCAA7159978EFDB183060D1AE588504A131D5ABFA0AC4D0D837BFAF6EDBBD52EBBECB255A74E9D1C941650535393F5EFDFBF5B5D5DDDD279F3E61D72F4D1475F77F5D55797DD307BF4B0A68AE51D03070EAC8D912415A9B6A5B6B636EBDDBB77CD3BEFBCF3C5112346DC396AD4A8A9EDF97814E3F9939FFCE446E2B9D5E3B2E3D4A953F717973466AE02B4B2D43038BF5BB76E9D070C18B0C39A0ACAF9335EC9DE78FAD26CC2FDA767AF3CF093ECADE746658BE74F73F09AC08E498F1E3DAAD279F86539BEBF984A1423066B1A4D121BE52FCEDD4E3BEDB4513A97B78D1D3BB6A63D1F0BF15C9671796B7B8F4B340EA06C8C193366EB7473D82EBBECB2FD9A5E337FFACBD9DBE3AECB16CE9E9C3F6E6858BEA200FDFB65D9D245B31DC426B0EBAEBBEE9C6E0E2E9C8FB2118B35638D414CBD101B6DDBC61B6F1CBDB59B77E8D0E190F67A0C1E7AE8A1AF8AE7F28BCBCE9D3BF76FCF7189C60194959A9A9A913D7BF67C2A15983DD7F49A99931ECE0BC9C6962DADCB66BDF1B883D81419617575D754617926CE4799C5C789B1F8784D234A62A36D49E7B263A74E9DBED75E3F7FCAE7C47319DA6CB3CD3AA773F31D47028D03280FFB6CB1C5163DD7F68245F3DE59E3CF0CB7379D741EFAA49B2F96D37B8AED4A631717B15119A29776F1E2C5BBB4D7CF5F5F5FBF9B782ECFB85CB264C94047822273CCA0757D3A65CCB3D6F68286E5F56BFBA123D8447AF6ECB965BAE95D668D83AE6BDBB94A6CB42D1B6DB4519CD36EEDF5F38B677189C601F0C16A6B6A6A3677185A5F7575F566E5F69EE2E277F67DAFA818CB1A1A1ADAEDE717CFE2923612130E0194B7AA2A5F53C406E219D03800928E5DD63CD3A5E3469B384062436C209E8126635A11ADE6B0C30EEBD3BB77EFA33B77EE7CF0FCF9F3072C5CB8B0EBD2A54B6B92E55DBA7459D8A74F9F69B5B5B56337DE78E35F7EEF7BDF1BDF5E8FD3A6DB0EC9A6BE7C5B56BF64C12ACF77EADA37EBB5E56705523B263610CFF0C1758D86868643AAAAAAF649B7BBA7A7FAA5146B2C16A534353DF75CFAD9631D3A74187DDD75D7BDE588691CD00A860F1F3EB057AF5E97A4C6C06E3BEEB863CDEEBBEF5EB5D5565B15F701CF162D5A543D6FDEBC6E6FBEF966B7175F7C719B279F7CF298534F3D757AA74E9D7E71F6D9679FD7DE8E57B7BE03B24E6F3C9E0ACC7FAEF27C8FCD76C93A77DB4C40B5636203F10C6BAE6B2C5BB6ECCC54F9DF3F3DAC5DCDBA8ADA94B64E0D83ADD3ED41E9B5E70F1B36ECC1F4F8F2EBAFBFFE5A8D03680123478EAC4D0D80510B162C38709F7DF6E978C0010764ABDBB9221A0891FAF6ED9B7DEA539FCABEF18D6F64A981D0F7D65B6FFDF94949FFFEFDBF7CF2C9273FD55E8EDBF2654B526139FF7DCF2F59384350B5736203F10CEFAF6B2C5AB4E8FCE5CB971F932AFAB51FF2D707A546C4A0D448383635168EBAE9A69B266A1C4033193A7468BF1E3D7A8C4D15FBED8F3AEAA8EAA8F87F187BEEB9679E6EBFFDF64DEFB8E38E27CE3DF7DCB34F3BEDB4B32AFDB82D98F95A36F5E5DB577B75D0B9539FCF962C989EF5FFF8217AD5DA21B1817886F7D735162F5E3C2ADDDDB7F4F99D76DA29DB6BAFBDB21D76D8219FA5D0BD7BF76CE1C285D9ECD9B3B3499326657FFBDBDFB2679E7926B6742DFECADE1D3A7478F6B0C30E3BAE3D8E22681CD022ADF86EDDBAFD6DC080011FF9D6B7BE956DC85676071E7860B6DD76DB555F70C10567A6D4EBA4934EAAC8AB8D460FDAB457EEC8E6BEF3DC6AAF185A14170D9AF4E4C559DF6D87649B6CF919BB7DB4036203F12C9E597D5D63D1A245B73634347CBAF85CCC3E38E28823B27EFDFABDEFF5317321D2E69B6F9E7DE6339FC91B0A77DE79673666CC986CD9B265F1926EE96F8D4A0D84DAD440B8AC3D1D4BDF2E9A5D9F3E7D9E1A3870E006370C4A7B007EF6B39F6513264CF8EE85175E786EA51DAFF9335EC95E7FFC57D99C29CFACB5B02C8AD7BCFBDADD79C1B9B62B8C2236403C53A9EAEAEAAE4F372B1B063125F9C4134F5C6DC36075624461C48811D9B9E79E9B7DE4231F2989BB864B5303E1708D036822E79F7FFE79D5D5D53BC517AE292F7E13D3924E38E1846820FC20FD8FBD2AE998BDF5DCA8AC7EF1DC0FFD7B8BE74FCBDE7DF52E4157C1C406E2593CF37EC3860D1B5955557550DC8FBAC649279D947DE94B5F5AAF7A47340CCE3AEBAC6C975D76296D205C921A083BB697E3695A11CDE6EAABAFDEE2E1871F4E0DF713AB638171538B1184030E38A0C3A38F3E7A7B7AB869A51CB72E9B7C74BD7FB773F7FE02AF82890D2A49C7DA8DD7BFF2D2B9BB03486EE4C8911BC702E4E2E3830E3A28DB7DF7DD372CAFEDD225EF808C46C29B6FBE194FC514A34BD3EDE7340E60034C9F3EFDCA3DF6D8A34354E29B4BAC4178ECB1C7FA9E7DF6D93F3EE38C33FEAB128EDB96BB7D53F02036A878DBEC7DB283C0064B0D8313D24D9FB81FBDFE071F7C7093FCDD68207CF7BBDFCD4E3BEDB4E21A84BD637A517B58A06C5A11CD22B5B06B264F9E3CE8CB5FFE72B3FFAFAF7FFDEBD99C39734E68ADCF3A6CD8B0D3538671D0A0418334B6111B547A4C0F12CF94593E39A27827161F37E514E6686C94D66352DDE6D8F6704E340E681637DF7CF3F1B5B5B51D631780E616C3870B172EEC73D145177DB2953EEED929C3B8B55FBF7EB35326F7C794C9ED3F74E8D06EE5722E1E7DF4D1E859C9962C5992DF5F9BE5CB9767C71D77DC3AFFEDBBEFBE3BABAFAFFFD0EFE9B2CB2ECBDFCFDA5C7DF5D5F9D67245F17F7EFFFBDFB7B5AF421E1B9B6DB6D9AC141BA3CA2D36D6E689279EC8EEBA6BD579DD0F3FFC70FEFCBAC45CC446C493F8A938B125F5C4430F3DF49729A6772FA73716E7F8A69B6ECAEF479E377FFEFC55D225975C92BDF7DE7B2B5FFFF2CB2F670F3DF4501EAFA5E9CA2BAFCCA64E9D2A665BA70CBDE1C3E493290E6301F2B6713F161437C74C85FDF7DF3FEBD8B163F1E1DEE93D6EAD7100EB61F2E4C9C3630BB19612DB902D58B0E0FBADFCB1BBA67458CAE4C674E8D0E1ED94815C13995C6CAFD69A6FEAD24B2F8D6393DFFFED6F7FBBD6D7DE70C30D59AF5EBDF20230521468B1CBD49A446117056E78EBADB7F2CA6414B86FBCF1463E14FBEEBBEFAEFCD92A07AA6BD7ECE9A79F5EE5B9C6AF898A65EC435D54535393CD9A352B2FF4C33FFFF9CF36F37DA8AAAA8A09D2871762E38D141B5796436CAC4D6CEB578C9BA27FFCE31FAB9C93358939BA111B51C13AF2C823B3975E7A49FC549014C75BA5988ED1DAA7522C4F2F34145A7D44E1965B6EC9F7AB0F6FBFFD763677EEDCBC411BBBCF84E8558EFDED8B9E7FFEF96CDEBC79D91E7BECB14A8A06F09A7A9FC56CB397A15FFF3065688AC3AF15EFC7B5909A72D4A0281A1D8DEA338754FA89303448B3983973E680C18307B7D8FF1B3060405440F62EA343D023CAA294C91D9132F64529931B9D32B1DBDF79E79D3B1E7CF0C1FA16FD92A702A677EFDE79A1B6C9269BACF17551003DF7DC73D9AEBBEE9AF794846818FCF0873F7CDF6BA3008EBF1517948974FFFDF7E7CF4F9B362DCFA0E3FFCD983123DB74D315EBC4478F1E9DF7E85457AFE88F8802B467CF9E79032444EF5DFCCEC9279FBCDAFFB5D1461BE5F33FA3808DDF8D0BD544A11F43BEF1F9DA98380923536C8C4CC77C618A8D1B5B2B3656277A2B23168A297A515301BDCAF351E91A356A54F69DEF7C678D311762E4F094534EC9E323CE558F1E3DC44FE5E95368289CD0BF7FFFC9299EFF9C1EDF90E2F989968EE788879FFCE427D9A9A79E9A9D71C619597A0F79853B169676EBD62DAF9C972E548D787AF1C517F3D82815BF17B112A30CC53C53CCB66E199AF2A01BD3E35B57934FAEDCBA74DB6DB76DB637138DC6279F7CB2F8709F947EA171001FD2FCF9F33BB7C494A2A2C830A74F9F5EAE97CEAC2D5606FBF5EB37276572F7A6C75774EEDCF9C1E6FA87D19B75C00107ACF1E7D1CB15FB3FDF7CF3CD2B9FBBFCF2CBF38640F416FFE637BFC99FFBCA57BE926DB3CD36ABCD28E335A922901798C71F7F7C76DF7DF7E515C9F0F8E38FE73DC6A54ADF4FF498C5392B6E151785ED473FFAD162EC6429F3CF7B01070D1A943756E2FF456F5DBCA64F9F3E7923E6A8A38EAA84AF4A9792D89855888DAB2336AEBAEAAA45ADF186A2F21F159EA88C4483E0AB5FFD6ADE0B1BBD67F13852FC2CCE7DB1C170FBEDB7E7159DA2EBAFBF3E8F9B4E9D3AE58FA3C274E6996766175C70415E59123F95294614D2CDF1E9F6F814CFD3D3F9BD33E2B9B6B6F689E68EE7980E14E73BCEF17EFBED97FDF8C73FCE7BDABFFDED6F677FFFFBDFF3D7C4C8E91D77DCB1CAEFEDBCF3CED9DE7BEFFDBE0672C4E9534F3D950D1932449E570665688AA96FA4DB6FA4B89A9BF2C97B8A6568CA7F565EC460ABADB66AB637B0F5D65B973E1C58E9075CE38066316FDEBC8E5199682931549C3289DA94719F55E687A667CAE486A6DBA151A98AF9B15B6CB1C56A2BE01B227AC9A2676A9F7DF659EDCFFFF8C73F66C71C73CCCAC751880E1F3E3C2FF4A2776BE2C48979EF593CB726315AF3ECB3CFE6C3F27FF8C31FF20647514C2B39F4D043573E8EDEB19FFEF4A72B876663183E0ABCA874C6A5EBA3273A7A988BEF3D1680C585EEA2D76FDF7DF7CDA64C9992CFF98C8A6AFC9DA86CC654B2A614BD7E31DFB71563A8578A8D61E97658C4463A7E135383B7C5DF441CFF48AFBDF65AFE3815C079A11BBD95C59FC579896B8D145F1FD731298A731B3D6C51A98973541C2D88D1874A8E9F0FD17192B5817CAA2944808C8C5488E7F1CD15CFF1F7230F8B188B0A7ACCDD8FE991175F7C713E0A1A23A031BDB2B81EA128622246131A8F1C44ACC76B274F9EBCB27150E931DB86E2B24769199AAC5CD8D49C1D928DEA337D340E603D33EBE6B8B6C11ABB15D2FFAAAFAF8FF1DB33DBD2718A02E2C61B6FCCE7AA36A5CF7FFEF379A1B2D75EEFBF3E5CF48A45C5AF74BA50B1072B7ADF62BE6D0CBD7FF18B5F5CF99A2820E33503070ECCA727C550FCF6DB6F9FFF2C86BC639E67F4B2CD9C39337F2E7A914B87E443CC57FFD18F7E94DF8F864714805128C6FF8C42B854CC558FBF1B05FCF7BFFFFDE891CC76DB6DB7EC4F7FFA53FE77E3CA9771EC8A15CFA6F0C8238FE4057FB9C4505555D5B631BDE06B5FFB5A8BFFEFA8A0C47CEC382FFDFBF7CF4700FEF297BFE4D324A21211C73F2A329FF8C427DEF7BBF17C547AA24171DD75D7BD6F817BCCA9AEC4F85957AFBEFA6AD6D6F2A9268AE79D9A2B9EA3B21EEB09C2673FFBD93CC64AE788AF692170EC871F0D8188E9A2982E148D80E8E52FF6FCB787986DC371B972ED6C73AC37286AD480ACADF4EFABC601CDA273E7CE0DA98150D5520D84688CA48C6159724E2B7CDC75CD5063A3E45572AFC8E89BABF217C3D2D15BD6D815575C919D7EFAE9AB149C3197350AC08F7FFCE3798F575C59320ADBF8FD98A21443DAB1A83486BB23938CDB6BAFBD36FB977FF997FC6FC43CDA638F3D362FBC421482E79D77DECA9EB162A3A438DF360ADA2844233EE27E54404BDD76DB6DD9BFFFFBBF673BEEB8635E40478F50F43AFEE217BF88AB6EE70D9F9847FC852F7CA1C98ED7E73EF7B9BCC04E0D84FF6C85D8589E35DA202255A65E4F8DB48FB57430476F68F4B446252BA63814A75C4445278E7B714798D5350CE2BCC5B98FF31AD332E2B58DE779576AFCACABA86036718C95637ED71021DCE8B949290EB66E8E3714A358316D276234460A62BD414C2D5A59D159CD1CFD62832062BCD4F8F1E3F3988F85C0318D282E82D51E62B695E37243F2C9E5A921953F17D72268AE0642A38D181665154EE38066912ABD4B67CF9EDDA95FBF7E2DF2FFA2E72865BA8B2EBFFCF2B35AFAB30E1B36ECCC75CCCC3AA44C6C76CACCEE4FE9BAD480BA7BE8D0A175C5DEA8A6F6E94F7F3A7BE1851756792E0A9B189E2E8E14E4DD2EA91217055B4CA989A1EF983B1B8558B150BBF0C20BF342B1F1B98CBF5D9C9A1495C5E23493A2575E7925EF812E2EC88B02BAB8D0B9B4172D52692F5AFC4E148CC51EB9B81F3D6AB193D2CF7FFEF3BC673A1A2E4D5D48C6907FF4369E7AEAA967B5426C54378E8D98A37DF4D14737B4743C6FB9E596D9983163B27BEFBD37FF5E15C5F4B7888F585FB0BAED6EA35111A30DB120B4387D232E201473B463DE778C665572FCACAB78BFA3478F3E2B6BA3D614D3297E1B52EC161B045511CFE9DC4526B2720DCD37BFF9CD668BE738CF51718F5EF688E1889588ABE8FC8845BDC5D8286D044445FC9E7BEEC91B08B10038C46D4CAD8C3C327AEEDB4BCCB6665C6E483EB968D1A228E4F295C831152B467C9A43ECDE566286C601AC878E1D3BCE4A5FD47E2DD538888CB67BF7EE13CBE4E3C71876A76266169D54D1D194D20DA9E0B93F15922B7399D2B9DA4D2D0AA248A9405EE5F9184A5F251328F4AA45C538521444B1783416CC856BAEB9E67D0D8362E1B73AD183F7D8638FE5BD78A562A87E75BD683157B8F8BFF25C77C68CBC97ACB8D02F0ADC58201B15CD98431C85ECC89123DBE4F722156CF5A950AB5997D8684DAB3BBF51B98F1185987BDB78EE73343A6FBDF5D6BC61D058F4BEC67CEAE8798DB88A0A9CF8A9182B47430B0D831929C66F4BE7F796A953A7DEDF92BB1515B7188D6939FFF11FFF913F17A3A0B1C8374605239E7EFDEB5FAF7C7D8CAC86E89C89B82D6E4F1A6B6CA231119565795EF997A1A96131B5D83878FDF5D79BAD7110E7A4C4731A07B01E5245FDC994191ED852D73A18376E5C54BCFEA74C3E7EA74266165B01DD990A833B5A6BE799C64A7BBACE39E79CBCF02C9DFA15BDC551F92B165C312CBEA661DA6890150BBE28C88AA2F2173F8B4574A5056AE9967DA5BD688D15B7025CBC78713E4C1CEF25E6AFC7907D0CF7C7F699B155612CB65EDB8E4CE5A8D03028CBD82815E7BDF105CCA292B2DD76DBE5BDA7B1E34BF1AAA1D1C319159F6285AC58512B5E342862EE81071EC8264C98B0724A86F8A918913944E5ECB6A8B8B5C4AE446B12F958748444253BB6D18ED183580710A359719D8398BB1FBDFDBFFAD5AF56D9592BA6C7C5FAAA18158B3859D3C5CFC46C7996A1294F7D3495FD7B172BF06BDA846343955EA322FDBF7B340E603DD4D5D5FDF499679EF9CA881123AA9B739150886D159F7CF2C9A5F3E7CFFF5D6B7EE618EE4C370FA6C2A1388CDE2ABDC0D17B15055D714460E8D0A12B0BB4030F3C70E5FD98071E15BB2844634A482CAE8B7DA28BBB73442F5614A4C50B08958A8A63AC95280E9937EE558B02FA83CE59ECDA51DA7BD658F4AEC502E8582018530562BE6D716BCC784F5158B69582B25C62635DC5B68A3FF8C10FF218883527313270F0C107E7D31DA2E110959618618AD182A8D87CD07487A81095AE3B103F6D5E8CD2C646FF97A7CAF473E5707D8E106BB8621460CE9C39F9798F7505C5FC2B622AF2C478BE7457A110A3A9F1DA8B2EBA288FFDD58D8089D9F2CC27D379B92E3510F29D336297B4682036759D231A8CD10159EC3B49EF6F74A57FC1ABE4713497E38E3BEE9D94FA15F7756E2E3107FA9E7BEE79E2924B2ED9AB353EE7B061C34E4F99D3A49499DDFC617BCDEEBBEFBE86C673B15B43148CABEBD12A9D3FBB2EA2E2B82E17E8899EE562A1B721AF696AB1307BBFFDF6AB2A87D868EDF8288E1C7C98F3FF61E3A0D2E2A73562AC15F2BB41A9B2F4E8FA34085A2A9ED7966F7DD83CADBDC46C6BC6E586E693A9B1F76CFAFDFCDA03B1A8BBA92FC01AD767291939B863F4E8D15FA9F4FA9B91039AAFE5595575C10D37DC706E6A1C345B9CC582C9BBEEBA6B71BAFD416B7DCE94519CD3D6CFD5EA1A06EB53315CD70AE1BA1480E558B16B4FB1B12115A8F5BD82ABF8691331FD605B8EDDA66C1888D9F2C827535DE3BFD34DBE6824463B63AD4753AD778C519CD22945E97FFDBC3D9C93EA0C9AC9F8F1E37FF5EEBBEF4E193B766CB3FD8F4B2FBD347AAFEEBCFEFAEB1F75C401A07D993A75EA650D0D0DF922E198BEF5BBDFFD2E2B5C206D83C4FAAAABAEBAAAF4A9ABDA4B5D43E3806613C3CE73E7CEFDB76BAEB96651F16AAB4DE9F2CB2F8F8B794D5EB264C908471B00DA675D23DDC455F0F28B57447D231687AF6D71F9DAC4A2F0584F15D79788FB054FD4D6D61ED75E8EA9C601CDEA861B6E78B1BEBEFE98F4256BB20642F40CC4F69A7FFDEB5F67CF9B376F5039EEF60200B45C5DA3A1A1E15BE96E7DB1811017A48B990B2515FC0F14D7BF38EDB4D3B21B6FBC31AF6B144CEAD0A1C3D0F654D7B0E6806677EDB5D75E77F8E187C76E0B971F71C4119D6341DAFAEE2610FB185F76D9650D757575AFCD9D3B779F9B6EBA69AA230C00EDBE81303A76A2AAAAAABA343DEC1695FB3FFCE10FF9453CF7DC73CF7CA7A88F7DEC63F9AE6BC53A48ECC416F58AD8292A2E001A8F4BC505D7EAEBEB8F183D7A74BBAA6B681CD0620D84F4A51D77FDF5D7DFF9C0030F6C3E7CF8F09A9D76DA699D7F3F8607630FFE871F7E7859FFFEFD2F9C3D7BF64F52C3C088010050DA407831DD1D55DCC168E1C285F908C28759FF58D856F58CDADADACB52BDA5DDD535340E68C92FED8B83060DDA267D61BF7BF1C517FFB063C78E7D3EF5A94F55EFBCF3CE794B3E2EBE1517B2898544B10B513408E2A22671119B59B3662DEBDBB7EF7D5DBA74F9D639E79CF396A30900ACA1AEF17FFAF5EB774CAAE41F5B6C24ACA3A85F8C5EBE7CF905ED796682C6012D2A160EA5F4CB74F797A79C72CA1E93264D3A7DDCB8717BA40641AFB973E7D6D4D7D757C59555BB76EDBAAC7BF7EE8B7BF7EEFDCA8001036EEADFBFFF6F060F1E3CDF1104003EA8AE916E7E1FE9D0430FDDB9BABA7A44E14ACA7199F6D8E7B436A518119891ADB8CAF71329DDB2BED7F0D038802672DE79E7FD2DDD7CD59100009A438C24A49BD31C897567B722000040E3000000D0388072B1A8A1A1618EC3D0FA962F5F1E6B5AEA1D0968A60A47757543FA9E3910E597F7C5969D95F6B10E4D69AB92C7318DFEBC75F8BDBBD58D1D00CAC7F6297DB6D17327A4B463C9E33D0BCF5592A767CD9AF54FA7BFF5CD99336752BA794E650A95B0E6D1B163C785B1AD24E5A5AEAE2E3F3715F6B13E97D2E492C7D1F1D3A570BF53E1361625EF56684414D392943E52F2F8BF52DAA4BDC58405C9B4F497B57B4A5F48E9BD949E2D7C398F4EE97729CD6BF4FA4FA4F4AB92C75F2DBCAE923C3875EAD4DD7AF7EE3D5078B4AE69D3A6BD916EC6976165AA6BB76EDD9C2095B04A681CBC941AE17B88E7F23277EEDCACA6A6E6B50AFA48519E5E99ADE874DCBED8364F69EB940E48E9FF14EA1271C5B3BF171A0DC5EFE5829246C56629FDB83DC68491035AD22329DD95D2B8949E2CDCBF37A54985FB8F145EB7454A5FCE566C39165FE46F175AEEEFA4F4764AFB672B4611DABC8686865B66CD9AB573BA7541B7D6553F63C68C6DD2ED2D655899727654C22AC292254BFE3873E64C436165269D93FA65CB965D57211F2746053E99D20B85BAC35329DD51A86314EB1AFF59681814FDB950D788B479C9FDDFB4D77AB2C601E5F6A5CE0A0D8089298D4EE9C194B6CC56CC159C58F8C256177A05766CEB1F78C89021CFA586C14BAFBFFEFA334E7FEB49C7FF6FCB972F7F73BFFDF67BA29CDED7D2A54B47A94C5554256C697D7DFDA8F6FAF9D377ECBFE7CD9B57676A51F9888B8ECE9933A72E350E7E53211FA9B650C18FAD4BA3B36766B662FD41D41D22F00E4AE98846BFF36EA1D110694AC9FD18556897F9AFC6012D65A76CC568407C4163BAD09E85FB43B2FF1DEA8BCCA97FE1F5FB16BE9C3105E9F1945E4A69714AF7179E3FAAF0A5AF8402F3FB6FBFFDF636B367CF7E4D98B4BC545999F0D65B6F6D13E7A1DCDE5B2AB02F5399AA9C4A58FA8ED7A538BBB8BD1E83C18307C7060C3F78E59557E6A75B415106264C983037DD9C19E7A6423E527C9E2BB215B3131E29D473C714EA0DA7A4745BB662D171A94D0B759068506C59A85FC4E3BDDA6B5C74F0D5A085C410DEAB29BD566828C430DE5F537A33A5DD53FA75B662E8AF7815E47F2BBCE6C89462B83332AE5E8586C476852FED3D957060AEBDF6DA19471E79E473D3A74F3FA8478F1ED36B6B6B7B0B97166B184C1C376E5CF434FDBF2143863C5A6EEFEFEAABAFAE1F3162C4BBE97D7EAE5FBF7E1BB5E7C5AC6DDD0B2FBC3073C9922567FDEBBFFEEB63EDF9385C73CD354F0F1F3E7C9FD458EAD9BB77EFAE22A3F5FCE32E593674000003AF494441541FFF98FEDE7BEFBD90F295E3535E53493DE4B7672B4603E24AC893523A35A58D0A75875DB2151D950F95BC3EAE921CD38F8617EA202FA7F43F853A46BB9CF26BE480D6F0F1E8B0F880D74446F5D9428B3E7A026251D17BD9FF0EF77DAC920EC8BEFBEE7B7F4343C3B79E7FFEF95E13274E7C44AF5A8B148C8F3EFBECB3DDD3B1FE4E3AFE7794EBFB4C8D96CB162C58F0F8ABAFBE3AC5596B9BD2777A4A3A87E33A74E8F03B47238B1D9B0E99366DDAC494DFBD525F6FF7E096B66CD9B2FA175F7C71FC94295326C5B9183C7870A59D842FA6F4DB92BAC23B25758758E7F87AA3D7FF25A573523AB1F0385EF3B394EADA6B8C1839A0A56D52681C3C58781CEB0C8A53884A45ABFEE06CC5A8C22B29F54969764A6F147E1E3B17FDB9920ECC35D75CF3FAE1871FFEA7F9F3E77FE1EDB7DFEEBA78F1E289D5D5D5359D3B77EEAAC778C3C5369273E7CE9D998EEDAB2FBFFCF2823973E6CC48CF8D28C71183C68E3AEAA83FCD9B37EFDF66CF9E3DBF4F9F3E7D535C38A16DA412F6D24B2F8D9F3E7DFA8CD430F8BFA91236DF51C947C496A498BE6EE1C285DBBCF5D65B03D2ED6B353535551D3B76EC2AB69B37FF9B3C79F26B13264CE85C575737261DF3612926E756D8478D91F71F652B7624EA9C52AC23DBBF50D78886C2B6D98A5184E70BAFEF9BD2770A8D8159291D12C571A1017163B6629A51CC786857DF5D350E5A5A0CEFC5DA82E224EA6E852FE5F18D5E175FD86352FA65E167D3B2158B8C5E28FC7C68B6625E6045BAF7DE7B07A606C1D7D2DD4125991C1B58574BC73416808F4DF76F29B7C5C71F64ECD8B1B5F5F5F5E7A7BBDFE8DDBBF78BFD939E3D7B6E9E2A9D62A3BC2A61F5A912F6F694295326CF98316340C45AAA847DBF82E67437A93163C66C9D8ECFC874779F6CC57451F1DC4CF95F4A4FA77477CA47AEFAD297BE34A9823FEBAE2595FFAC5057B8B2A4CE1165EAD8424322A6393F52DA76CD564C670EB1C569AC91FC6B7B0B168D035AB2351F8B9063F8AEB4908C7D846327818B1A350CA290F853C9733152106B168AD391A2C1F05B8795765E99FA74B662770ECA477DA112764F3BA88441A589A12B3BC4010000000000000000000000000000000000000000000000000000000000000000000000000000000000000000000000000000000000000000000000000000000000000000000000000000000000000000000000000000000000000000000000000000000000000000000000000000000000000000000000000000000000000000000000000000000000000000000000000000000000000000B46FFF1FA9CB23A6D8AFBCE30000000049454E44AE426082, null);
INSERT INTO `act_ge_bytearray` VALUES ('27507', '1', 'test01.bpmn', '27506', 0x3C3F786D6C2076657273696F6E3D22312E302220656E636F64696E673D225554462D3822207374616E64616C6F6E653D22796573223F3E0D0A3C646566696E6974696F6E7320786D6C6E733D22687474703A2F2F7777772E6F6D672E6F72672F737065632F42504D4E2F32303130303532342F4D4F44454C2220786D6C6E733A61637469766974693D22687474703A2F2F61637469766974692E6F72672F62706D6E2220786D6C6E733A62706D6E64693D22687474703A2F2F7777772E6F6D672E6F72672F737065632F42504D4E2F32303130303532342F44492220786D6C6E733A6F6D6764633D22687474703A2F2F7777772E6F6D672E6F72672F737065632F44442F32303130303532342F44432220786D6C6E733A6F6D6764693D22687474703A2F2F7777772E6F6D672E6F72672F737065632F44442F32303130303532342F44492220786D6C6E733A746E733D22687474703A2F2F7777772E61637469766974692E6F72672F746573742220786D6C6E733A7873643D22687474703A2F2F7777772E77332E6F72672F323030312F584D4C536368656D612220786D6C6E733A7873693D22687474703A2F2F7777772E77332E6F72672F323030312F584D4C536368656D612D696E7374616E6365222065787072657373696F6E4C616E67756167653D22687474703A2F2F7777772E77332E6F72672F313939392F5850617468222069643D226D3135373536323431303439393022206E616D653D2222207461726765744E616D6573706163653D22687474703A2F2F7777772E61637469766974692E6F72672F746573742220747970654C616E67756167653D22687474703A2F2F7777772E77332E6F72672F323030312F584D4C536368656D61223E0D0A20203C70726F636573732069643D2274657374303122206973436C6F7365643D2266616C73652220697345786563757461626C653D2274727565222070726F63657373547970653D224E6F6E65223E0D0A202020203C73746172744576656E742069643D225F3222206E616D653D2253746172744576656E74222F3E0D0A202020203C656E644576656E742069643D225F3322206E616D653D22456E644576656E74222F3E0D0A202020203C757365725461736B2061637469766974693A61737369676E65653D22616263222061637469766974693A6578636C75736976653D2274727565222069643D225F3522206E616D653D22E5AEA1E689B9222F3E0D0A202020203C73657175656E6365466C6F772069643D225F362220736F757263655265663D225F3222207461726765745265663D225F35222F3E0D0A202020203C757365725461736B2061637469766974693A61737369676E65653D2262222061637469766974693A6578636C75736976653D2274727565222069643D225F3422206E616D653D22E5AEA1E689B9E4BA8C222F3E0D0A202020203C73657175656E6365466C6F772069643D225F372220736F757263655265663D225F3522207461726765745265663D225F34222F3E0D0A202020203C73657175656E6365466C6F772069643D225F382220736F757263655265663D225F3422207461726765745265663D225F33222F3E0D0A20203C2F70726F636573733E0D0A20203C62706D6E64693A42504D4E4469616772616D20646F63756D656E746174696F6E3D226261636B67726F756E643D233343334634313B636F756E743D313B686F72697A6F6E74616C636F756E743D313B6F7269656E746174696F6E3D303B77696474683D3834322E343B6865696768743D313139352E323B696D61676561626C6557696474683D3833322E343B696D61676561626C654865696768743D313138352E323B696D61676561626C65583D352E303B696D61676561626C65593D352E30222069643D224469616772616D2D5F3122206E616D653D224E6577204469616772616D223E0D0A202020203C62706D6E64693A42504D4E506C616E652062706D6E456C656D656E743D22746573743031223E0D0A2020202020203C62706D6E64693A42504D4E53686170652062706D6E456C656D656E743D225F32222069643D2253686170652D5F32223E0D0A20202020202020203C6F6D6764633A426F756E6473206865696768743D2233322E30222077696474683D2233322E302220783D223136352E302220793D22352E30222F3E0D0A20202020202020203C62706D6E64693A42504D4E4C6162656C3E0D0A202020202020202020203C6F6D6764633A426F756E6473206865696768743D2233322E30222077696474683D2233322E302220783D22302E302220793D22302E30222F3E0D0A20202020202020203C2F62706D6E64693A42504D4E4C6162656C3E0D0A2020202020203C2F62706D6E64693A42504D4E53686170653E0D0A2020202020203C62706D6E64693A42504D4E53686170652062706D6E456C656D656E743D225F33222069643D2253686170652D5F33223E0D0A20202020202020203C6F6D6764633A426F756E6473206865696768743D2233322E30222077696474683D2233322E302220783D223137302E302220793D223331352E30222F3E0D0A20202020202020203C62706D6E64693A42504D4E4C6162656C3E0D0A202020202020202020203C6F6D6764633A426F756E6473206865696768743D2233322E30222077696474683D2233322E302220783D22302E302220793D22302E30222F3E0D0A20202020202020203C2F62706D6E64693A42504D4E4C6162656C3E0D0A2020202020203C2F62706D6E64693A42504D4E53686170653E0D0A2020202020203C62706D6E64693A42504D4E53686170652062706D6E456C656D656E743D225F35222069643D2253686170652D5F35223E0D0A20202020202020203C6F6D6764633A426F756E6473206865696768743D2235352E30222077696474683D223131352E302220783D223132352E302220793D223130302E30222F3E0D0A20202020202020203C62706D6E64693A42504D4E4C6162656C3E0D0A202020202020202020203C6F6D6764633A426F756E6473206865696768743D2235352E30222077696474683D223131352E302220783D22302E302220793D22302E30222F3E0D0A20202020202020203C2F62706D6E64693A42504D4E4C6162656C3E0D0A2020202020203C2F62706D6E64693A42504D4E53686170653E0D0A2020202020203C62706D6E64693A42504D4E53686170652062706D6E456C656D656E743D225F34222069643D2253686170652D5F34223E0D0A20202020202020203C6F6D6764633A426F756E6473206865696768743D2235352E30222077696474683D2238352E302220783D223134352E302220793D223231352E30222F3E0D0A20202020202020203C62706D6E64693A42504D4E4C6162656C3E0D0A202020202020202020203C6F6D6764633A426F756E6473206865696768743D2235352E30222077696474683D2238352E302220783D22302E302220793D22302E30222F3E0D0A20202020202020203C2F62706D6E64693A42504D4E4C6162656C3E0D0A2020202020203C2F62706D6E64693A42504D4E53686170653E0D0A2020202020203C62706D6E64693A42504D4E456467652062706D6E456C656D656E743D225F36222069643D2242504D4E456467655F5F362220736F75726365456C656D656E743D225F322220746172676574456C656D656E743D225F35223E0D0A20202020202020203C6F6D6764693A776179706F696E7420783D223138312E302220793D2233372E30222F3E0D0A20202020202020203C6F6D6764693A776179706F696E7420783D223138312E302220793D223130302E30222F3E0D0A20202020202020203C62706D6E64693A42504D4E4C6162656C3E0D0A202020202020202020203C6F6D6764633A426F756E6473206865696768743D22302E30222077696474683D22302E302220783D22302E302220793D22302E30222F3E0D0A20202020202020203C2F62706D6E64693A42504D4E4C6162656C3E0D0A2020202020203C2F62706D6E64693A42504D4E456467653E0D0A2020202020203C62706D6E64693A42504D4E456467652062706D6E456C656D656E743D225F37222069643D2242504D4E456467655F5F372220736F75726365456C656D656E743D225F352220746172676574456C656D656E743D225F34223E0D0A20202020202020203C6F6D6764693A776179706F696E7420783D223138372E352220793D223135352E30222F3E0D0A20202020202020203C6F6D6764693A776179706F696E7420783D223138372E352220793D223231352E30222F3E0D0A20202020202020203C62706D6E64693A42504D4E4C6162656C3E0D0A202020202020202020203C6F6D6764633A426F756E6473206865696768743D22302E30222077696474683D22302E302220783D22302E302220793D22302E30222F3E0D0A20202020202020203C2F62706D6E64693A42504D4E4C6162656C3E0D0A2020202020203C2F62706D6E64693A42504D4E456467653E0D0A2020202020203C62706D6E64693A42504D4E456467652062706D6E456C656D656E743D225F38222069643D2242504D4E456467655F5F382220736F75726365456C656D656E743D225F342220746172676574456C656D656E743D225F33223E0D0A20202020202020203C6F6D6764693A776179706F696E7420783D223138362E302220793D223237302E30222F3E0D0A20202020202020203C6F6D6764693A776179706F696E7420783D223138362E302220793D223331352E30222F3E0D0A20202020202020203C62706D6E64693A42504D4E4C6162656C3E0D0A202020202020202020203C6F6D6764633A426F756E6473206865696768743D22302E30222077696474683D22302E302220783D22302E302220793D22302E30222F3E0D0A20202020202020203C2F62706D6E64693A42504D4E4C6162656C3E0D0A2020202020203C2F62706D6E64693A42504D4E456467653E0D0A202020203C2F62706D6E64693A42504D4E506C616E653E0D0A20203C2F62706D6E64693A42504D4E4469616772616D3E0D0A3C2F646566696E6974696F6E733E0D0A, '0');
INSERT INTO `act_ge_bytearray` VALUES ('27508', '1', 'test01.test01.png', '27506', 0x89504E470D0A1A0A0000000D49484452000000FA000001650806000000C2ABF51F000011384944415478DAEDDD5D6C54751AC771B3171BB2171BAEF46A63BCF16A63F6C63BB236F14A1213B2E0399D9956BA29545A0A140C903434B5627CADA0421649300421D95DCD6E54D4D0574A1B285270A1523174ADB2A5B64C4190B732A59DFF3E0F69CDA1742A48E7CCCC33DF4FF20432437C793A3F9EFF39F33FE73CF00000000000000000003371CECD6D6868F868EBD6AD57EBEBEB93CF3FFFBC2B292971858585AEB8B8D8AD5EBDDAD5D4D48CD6D5D50DAC5CB9720D1D0372C80F3FFC10DBBD7BF7E555AB56B98A8A0AB773E74E77F8F061373838E84646469C1A1D1D75F178DC757575B93D7BF6B8F2F27257595999ACAEAE6E8F44220FD145207B27F843ADADADE757AC58E16482BBEEEEEE5B81BE5B3D3D3D4EA6BF5BB2648993E95F4747812C9CE26FBFFD76B2AAAACA1D3F7EDCDD8F6FBEF9C6C952DE2D5BB6EC9C2CF5E7D25D200B5CB97265A51C6BBB77DE79C75DBE7CD9CD065DE2EB3F6FF9F2E59758CA035930C935E4AFBFFEBA1B1B1B73B36DDBB66D3AD97F2C28289843B7810C1D93EB725D276F3A423EE9ADB7DE7245454567E83890017AE24D8FC9676BB93ED332BEBCBC3C294BF82ABA0E84BC64D7B3EB7A663D0C7A822E168B8D73BC0E8448BF27D7AFD0C2F4D24B2F8D161616EEA5FB4038C7E67375334C58D37CD2A953A79C4CF49B9C980342D0D4D4F4A9EE784BE709B8544A4A4AC67DDF5FC24F014833DDBBAEDB5A3361F3E6CDD765F9DEC14F014833BD4045F7AE67C2A14387C624E8FDFC148034D3ABD0F402954C387FFE7C52829EE0A700A4995E623A79155AD8F42219BDCC959F0290661AB44C22E84008162F5E9CC9899E24E84008D6AC5993B163F4783C3ECA313A1082DADADA44A6CEBA373434C439EB0E8460E3C68D6732F53D7A4D4DCD10DFA3032158B972E55FF51E6F99D819A75B60D919078417F6F1B0F7BA777676EAB29DBDEE4058366CD8B0FF8D37DE0835E8656565435CBD0684486FDAB874E9D2A4DEB9350C5F7CF1C5799DE65C8F0E84ACB2B2B2466F3E91EE3BCC5CBF7E7D3C1A8D8E7287192043CACBCB07376FDE9CCE137349F977C47DDFEFA3DB4086E8893199ECE7F5C10B6908BB3EB9E57FFABD39F77707B220EC656565F137DF7CD35DBB766DD696EBCB972FD7936FFD1C97035914F6E2E2E2BEE79E7B2E79E2C489FB3EF1A6C7E4BA5C67920359484F981515158DD5D6D6DED4C0DFCB72FEE8D1A3C37ACC3F71769D136F4036D3292CD3F8039DCACF3EFB6CB2BEBEFEFA810307C6868686C6271FBAA857A1E9052A8D8D8DE7755BABEE78D380EBF7E42CD5811C23C12D966A963A23E1D7FBBDB94025F4185CAA53B7B5B2E30DB0157EF7CC33CFFC964E00C683FED4534FFD9E4E00C6835E5C5CFC209D006C073D595A5AFA309D006C075D9FB6F2289D000C8B4422E30B172E7C8C4E00B627FA582C167B9C4E00B683AE3BDFE6D109C0F6D27D74D1A2454FD209C0F6444F44A3D1F97402B01DF411CFF316D009C030DDF31E8BC57C3A01D89EE857F562173A01D80EFA151EC200D80FFA4F9148A4824E008649C82F720719C0FE44BFE079DE3A3A01D80EFAB0D4063A01D80EFA90EFFB757402B01DF401A957E90460582412E99763F44D7402B03DD1BF97DA422700DB41FF568ED1DFA51380EDA5FB6959BABF472700DB13FD94D4FB7402B01DF493B274FF3B9D000C93901F97E5FB877402B03DD18F497D442700C3649A7FE179DEA77402B03DD10F4935D009C076D0DBA55AE8046098EFFBADB27C3F402700DB13BD51EA209D000C9369FE994CF5C3740230CCF3BC8F25EC47E904607BA27FA89B66E80460986E7FD56DB07402304C2F68D10B5BE80460FB18FD3DBD54954E00B697EEEFEACD27E804607BE9BE456F27452700DB4BF74D7A83483A01D89EE8AFEA2D9FE9046058341ADD28C7E9437402B03DD16BA4E27402B01DF4F552E7E9046098E779AB2391C88F7402B03DD1974B5DA21380EDA02FF57DFF329D006C2FDD174BD8AFD209C030393E8FC844BF4E2700DB137D814CF411FD7D4949C95CC9FDBC582CF6389D01727B825F9460DF945FC7E55797A27AE91490DB41DF3543C06F954E753A05E4B0828282393AD153855C8ED77BE812607CAA33CD015B533D314DD0B95C15B04496E875D34CF30A3A031823E1FE2910F40B7404B079AC5E1598E6557404B0BB84BFAC41A71380619EE7551374E43DE7DC9CBEBEBEFECECE4ED7D2D2E29A9A9AA81CAAE6E666D7DEDE9E94DAC6A7192969C83B3A3A5C3C1E77894482CAC11A1E1E766D6D6D49097D3D9F684C4B273921B7117699F0093ED198962ED7098A8DD2A53C9F684C4B3F1C8484A083A0DFAAAB97065D5FD74ED7D3FCE2ADD2DFEB6B048CA0C348D0AF5C1C70271B6ADC89CFD6DE56FA9ABE47C8083A0C04BDBFE7933B423E59677BF61232820E0B413FB5FFB59441D7F70819418781A09F6C7A2165D0F53D4246D041D029828E5C08BA9E654F15747D8F90117418087AEFC1AD2983AEEF1132820E0341BF30D0ED4E36D6DEB96C97D7F43D4246D06120E85ADF1D7DFF8EA0EB6B048CA0C34AD06FDC70BD87B6DDB96C97D7F43D4246D091E341D79D6FA70F6E49798CAEEFB13B8EA02357832E937AB0B7D57DB5AF3A65C8274BFF8CFE59A63B41470E05FD97A638D39DA0C340D0EF668ACF34DD091D41470E04FDD7867CB2081D41478E7EBD46117410748AA083A053041D049D22E820E814410741A7083A083A4107083A410741CFBD92FFA569EB6EDF27E820E83912F4995EFBA5F7093A083A4127E820E8049DA083A01374820E824ED0093A083A4127E820E87CBD46D091474167C30C40D0093A083A45D041D029820E824E117410748AA083A053041D049D22E820E81441074127E820E8049DA083A053041D049D22E820E814410741A7083A42D1D2D24248083AACEBE8E8188FC7E30425C7EBECD9B36724E8093ED198566B6BEBCB6D6D6DC973E7CE990FC38D1B37CC86BCB9B9F9A6543D9F68A4241F903A99065775E967B51A1B1B5D6161A1D5FFBF0421072668D04B4A4AE6D209C030DFF793A5A5A50FD309C0F6441F8F46A37FA21380EDA0DFF43CEFCF7402B01DF41B12F4A7E904603BE8D7229148119D000C9390FF24137D199D006C4FF40B12F4757402B01DF421DFF7EBE804607BE9DE2F137D139D006C4FF46F65A2BF4B2700DB41FF5A6A379D006C07FDB8D4BFE804603BE89D529FD309C076D0DBA4F6D309C076D03FD7A94E2700C33CCFFB772412F90F9D006C4FF4DD7AE69D4E0086F9BEBF5D26FA7FE904607BE9BE4977C7D109C0B06834BA51F7BBD309C0F6445FA757B0D109C03059B657E835E97402B01DF422DFF7AFD109C0F6D2FD69BD6F1C9D006C4FF42724E8A37402304CEFE9AEF776A7138061C5C5C58F48D0937402304C9FBBA6CF5FA313806DBF21E8401EE089AA401EE089AA407E4C749EA80AE441D079A22A900741E789AA401E049D27AA02D6F14455203F263A4F5405F220E83C5115C883A53B4F5405F260A2F34455200F82CE1355813C083A4F5405F220E83C5115C883A0F34455200F82CE135501EB78A22A901F139D27AA02D6059FA8AA37A090DFCF93D71EA533408E8AC5628F4B9047F51A74BDB38CDE462A45EDA05B406E4FF0BE1902EEF42F8282828239740AC8F1A93E53D0E52F820FE8126063AA7F9922E8E3DC111630424FBA69A8A709FA11BA03D89AEA1F4C737C3E8FCE0086E8093709FBF540D0CFD015C0E6547F6732E89EE72DA02380DDB05FE1F96B807132C96B093A709F9C7373FAFAFAFA3B3B3B5D4B4B8B6B6A6AA27E45353737BBF6F6F6A4D4363E55C83A1AF28E8E0E178FC75D2291A0EEA38687875D5B5B5B52425FCF270B59452739219FDDB0CB844FF0C94256D1E53A019DDDD2A53C9F2C6415FD50124E820E827EABAE5E1A747D5D3B5D4FF38BB74A7FAFAF116C820E2341BF7271C09D6CA871273E5B7B5BE96BFA1EE126E83010F4FE9E4FEE08F9649DEDD94BB8093A2C04FDD4FED752065DDF23DC041D06827EB2E9859441D7F7083741074127E8402E045DCFB2A70ABABE47B8093A0C04BDF7E0D69441D7F70837418781A05F18E876271B6BEF5CB6CB6BFA1EE126E8301074ADEF8EBE7F47D0F535824DD06125E8376EB8DE43DBEE5CB6CB6BFA1EE126E8C8F1A0EBCEB7D307B7A43C46D7F7D81D47D091AB4197493DD8DBEABEDA579D32E493A57F46FF2CD39DA0238782FE4B539CE94ED06120E87733C5679AEE049DA0230782FE6B433E59049DA02317CFBA53041D049D22E820E8041D20E8041D20E8041D20E8041D20E8041D20E8041D043DB492FF8C696BB6DE27E820E85912F4995EBBDFF7093A083A4127E820E8049DA083A01374820E824ED001824ED081FC0AFA037CBD06D80E3A1B6600824ED001824ED001824ED001824ED041D029820E824E11741074820E1074820E1074820E1074820E1074820E1074820E824E117410748AA023E7B4B4B4104E820EEB3A3A3AC6E3F138019DA53A7BF6EC19097A824F16B24A6B6BEBCB6D6D6DC973E7CE11D45908797373F34DA97A3E59C83AF2C1AC93297455979CD95A9148C465F37FDF44250839F02B959595FDAEB0B090E35EC0B2E2E2E207093A603FE88F48D093740230CCF7FD3F4AD0C7E90460582C167B5C823E462700C32291C81312F4513A0118168D46E74BD0D98402180FFA5F24E8237402B0BD742FF27DFF1A9D000C9369BE54827E994E008649C85748D82FD109C030CFF3D649D02FD009C0B068345A2B533D4E2700DBC7E82F4B0DD209C0F6D27D532412E9A7138061B26CFF9B04FD3B3A01D89EE8EFC9D2BD974E00B68FD1774B7D4D2700DB4BF70F24E827E804607BE9FEB11CA31FA51380EDA5FBE7529D7402B01DF416A9763A01D80E7A8754339D006C07BD5397EF7402B01DF463521FD109C030DFF7BB25E8FFA41380ED89FEB56E9AA11380EDA0F74AEDA01380EDA07F27B5954E0086E925AA7AA92A9D006C4FF441BDF9049D006C073D2E55432700DB41BFA03788A4138011BEEF3F2AC7E4F34A4B4B1F0E04FD92DEF299EE007682BE4F82EDA62B792F29BFDED4E7B005FF220090634A4A4AE6CA441F4F15F6893A42A780DC3F26DF3B53D075794F970003C7E912E8648AA0B7D121C0CE543F32DD313AC7E68021D16874FED4A0CBB1FB2E3A03D85BC2F705823E5A50503087AE00C62C5AB4E8C9C9A0CB84FF071D01EC1EAB0F4D84FD0F7403304097E612E80D1337831CD68D31538ED3C7743BACDE434E26FC36FDCE9DAE013962E1C2858FE9D76612DED15FD82833F5E4DCB81CC7F7E89659BA0864F104D72DAF1270772F014F519D4C7820CBE8893699C42353035B5151E1B66FDFEE0E1F3EEC060606DCC8C88853FA6B3C1E77C78E1D73BB76ED72555555D3ED98BBEE79DE02BA0B640109E492582C76DB7EF6B56BD7DE0AF1D8D898BB5BC78F1F77D5D5D553039F947F7E1D5D06321CF2E0525D02EFF6EEDD7B4F019F6ADFBE7D4E96ED53A73B610732B55C97902783CBF4D3A74FBBD9F0FDF7DFBB152B56DC36D959C60321D3136FC163720DB91E73CF26FDE705C3AEC7EC9CA003C25DB2EF0B2ED7676B924F37D9A72CE3B9761D08837E4F1E3C2ED763F274D263F6E0F1BA1E32F05300D24C37C304CFAE8F8E8EBA745BBF7E7D7009DFC34F0148F3B17970C79B7E851686EEEEEEDB76D0493DC44F0348DFB1795DF004DCFD7C8D76AF829B6A746F3C3F0D207DCBF68EC9B0EDD8B1C38569CF9E3DB76D91E5A701A42FE8C39361D36DAD61D2C384C0F2FD223F0D204D24603F1F9F0F0E0E861A74FD5E3D78892B3F0D207D13FDE7B04D5EA01216FDF705FFFDFC348010829E09041D60A203E0181DC0DD4E74CEBA03791074BE4707F260E9FE4AA676C6AD5AB58A9D714018266EE13CC65E77C0FEF2FD48F0EAB530A67AF05E725CBD068460E2BEED49AE4707EC4FF58EB0EE30B378F162EE30036482DEBB4DEFE196EE7BC655565672CF382093F4AEACC125FC6CDF05361872EE020B6436ECEB82619FADFBBA4F59AE735F7720DBC23E79365E9FBC72AF5FA1D5D4D4F0A416209B97F1C163F6E0725E77D0757575DDDA1B3FF5D96BFA9781EE780B6E86E1D96B4016D31365C1B3F1F7594738F1066431FD9E5DA6F197C11D74F7F27CF468343A9F2E023962E2B14DAF4C4CF9E1E025AE81ADAC17F50215DDBBCEB6560000000000000000000000F2CFFF0110A2DF9B797238340000000049454E44AE426082, '1');
INSERT INTO `act_ge_bytearray` VALUES ('3', '1', 'process/group.myProcess_1.png', '1', 0x89504E470D0A1A0A0000000D49484452000001720000020A08060000003EBDC438000016094944415478DAEDDD5F88D5D781C0F13CCA3E2C7D58C8C3B2F461A12CFBB0B04F0B4B1F06CA3EB41028989D7BEFA8C92CB1494D8CB109D9803818D39290D66ED24490D080E4CFC3B2CB6E97D8803A7726532F66929876D538B5C432A9EBE8E81D53834ED4F1CF3D7B8E38E5EACC1D8DF7CE9DDF493E1F3828BFDFE0C8B9972F87737FBFDFBDEB2E000000000000000000000000000000000000000000000000000000000000000000000000000000000000000000000000000000721542F8DAAE5DBBFE67EBD6ADD35BB66C693CF1C413A1BFBF3F94CBE5B06AD5AAF0831FFC200C0C0C5CDABC79F3F175EBD63D6EC6000AE2C489132BDE78E38DB38F3DF65878F8E187C3F6EDDBC37BEFBD17262727C3850B174272E9D2A550AFD7C3BE7DFBC29B6FBE19D6AC5913D6AE5DDBD8B061C39E4AA572B75904589A15F8DDC3C3C3A71F7DF4D11057E0E1E0C183D7827DBBC6C6C6425CBD87D5AB5787B87ADF6C4601BABC0AFFD9CF7ED658BF7E7DD8BF7F7F68C7EF7EF7BBB06EDDBAF0FDEF7FFF547F7FFFD7CC2EC0223B77EEDCBA818181F0D24B2F85B367CF864E485B30E9DF7BE491473EB3D502B0C82BF114F11FFFF8C7E1CA952BA1D3B66DDB9656E67FECE9E95966B6013A2CED89A7ED94B4725E8C88CF7AF1C517C3CA952B8F9A71800E4B1F6CA63DF14E6DA72CB4CDB266CD9A46A552596FD6013AB8A592AE4E4957A67443FA0074C58A1557ED97037448BA4E3C5D62D84D3FFAD18F2E95CBE51D661FA04DE98ECD74B34FB756E3B30E1F3E1CE28AFCB20F3E01DA343838F8CB74C7E6627EC0D94A7F7FFFD552A9B4DAAB00D086F4EC9474DBFD5278E18517CE97CBE59A5701A00DE90158E9D9294BE1DD77DFBD12437ECCAB00D086F414C3F400ACA570FAF4E9460CF98C5701A00DE911B4B34F31ECB6F410AEF4185CAF02401B524897929003B4E9FEFBEF5FCA157943C801DAF4F8E38F2FD91E79BD5EBF648F1CA04D9B366D9A59AAAB5676EDDA5577D50A409B7EF8C31F1E5DAAEBC80706064EBA8E1CA04DEBD6ADFB97F41D9B4B716767BA45DF9D9D009D89F9D56E3F6B657474346DAB78D60A40276CDCB8F19D9FFCE4275D0DF9830F3E78D2D30F013A247D29F2F7BEF7BD46FAE6FB6E78FFFDF74FA7D5B8E7910374D0DAB56B07D2974B2CF637049D3F7FFE6A5F5FDF25DF1004B008D6AC5933F9C20B2F2CE6079F8DF83BEAA55269DC6C032C82F4C1635C999FDEBA75EB62C4BCB161C386FF4BD78DA7AD1CB30DB088317FF0C107EB3FFDE94FC3E79F7FDEB1ED94471E79247DB879CCBE38409762BE6AD5AAF1871E7AA871E0C081B63FD84C7BE2693BC54A1CA0CBD207922B57AEBCB269D3A6CB29E85F64BBE5C30F3F9C4A7BEED7AF4EF1C126C05249ABE8B89AFE8FB4AABEEFBEFB1A5BB66C39FFAB5FFDEACAC99327AFA6E789CF3EC5303D006BF7EEDDA7D36DF7E98ECD14F0749DB8AD14800289615E1547358EA331EEE9FB3643D398497BE0718CA6DBEEDDB109904FDCD35D9A7F662600320EF93DF7DCF317660220DF90A76FF9F92B330190A94AA57275F9F2E57F632600F25D915F89E3EFCD0440A64AA5D2E5952B57FEA39900C877459E9E64F84F660220DF905FECEDEDBDC74C00E41BF2F3A552E99FCD0440BE219F8E2BF2FBCD0440A62A95CAD9381E321300992A954A67E2AA7C9D9900C8548C78FA22E5A7CC0440BE2BF27A5F5FDF26330190EF8A3C7D79C4B366022053954AE5586F6FEFBF9909807C57E49FC4B1D54C00E41BF2DFC755F9CFCD0440BE213F1CC7EB66022053A552E9A3BEBEBE7F37130099AA542AFFDBDBDBFBDF660220DF90BF1F43FE4B330190A972B9BC378EDD660220DF908FC4F18E9900C837E4BBD3AADC4C00642AED8FA77D72330190A918F15F944AA5DF9809804CA56BC8D3B5E466022053E9AECE7477A79900C837E4AFC671C44C00E41BF2ADE9098866022053E959E4E999E46602205331E2CFC515F909330190A9F47D9DE97B3BCD0440A6E26AFCA9384E9B09804C552A95F5719C311300F986FCA138CE5EFFFBDD717C73F9F2E57F6766008A19EDBB4BA5D2F972B97C398EAB71841663C46C0114548C746D8180A7D178E08107BE6EA6000ABC2A8F63A1D5F8076609A0F831FF45AB90974AA56F9821800C56E5F3ED917B9C2D4046FAFAFAB6DD1CF2152B5694CC0C4046AE5FC1321B72CF5B01C84DBA196836E4E9EF660420CF55F9D91472330190A918F18D420ED0420861D9F8F8F8B1D1D1D1303434140607078D3B18D56A35ECD9B3A711C736EF2AA0AB52C46BB55AA8D7EB616666C668634C4D4D85919191468CFA16EF2CA06BD24A5CC43B1BF3B8429FF1CE02BA266DA708706747DA6AF1CE02BA2645477C851CF80A847CFAB3C930BE6F7B18AB3E736DA4BFA763C22DE44006213F77E67838B46B201C78FBC91B463A96CE89B79003050FF9B1B1B7E6447C764C8CED106F21078A1EF2C3EF3CDF32E4E99C780B3950F0901F1A7CBA65C8D339F1167240C8851C6031439EAE526915F2744EBC851C2878C88FECDDDA32E4E99C780B3950F0907F7AFC6038B47BD3DC6D95782C9D136F21070A1EF2343EF9F0F539214FC7845BC8811C427EF16238F2EEB6B9DB2AF1583A27DE420E1438E4E9CECD8FF7BEDC728F3C9D7377A79003450C795C694F1E190E1FEDDCD032E2B323FD4CFA59AB7321070A12F25BADC2ADCE851C2878C86F6715BED0EA5CC8851C58E290DF69C46787900B39B0C42137841C10722107107221071072210784DC107240C8851C40C8851C40C8851C10F27646FC35F38EA29C177240C86F23E40B1D5BEAF3420E08B9900B3920E4420E20E4420E08B9900B3920E4422EE4C09735E477B9FC1020DF90BB210840C8851C40C8851C107243C801211772002117720021177240C80D2107845CC801845CC801845CC8012137841C1072210710722107845C7C851CC8D6D0D090F80A3990B35AAD76B55EAF0B7087C6C4C4C4D118F219EF2CA06B8687879F1D1919699C3A754A883B10F16AB57A398E2DDE594057C5F06C8EABC8E9B42550E4512E9743C1FF8F33220EB0801472B30020E400083900420E20E400083900420E809003083900420E80900320E400420E80900320E400083980900320E4000839C0573BDA2753B86F31A6CD14407143BEEA56212F954A9BCD1440B1633EB540C8CFF5F4F42C334B0099AECA2B95CA736608208F98CFB7573E6D350E90F1AADCDE38407E313F61350E90B1B8025FDD14F28D660420CF55F9B5BD72AB71807C43BECA9D9D00F308212C1B1F1F3F363A3A1A868686C2E0E0A07107A35AAD863D7BF634E2D8E65D0574558A78AD560BF57A3DCCCCCC186D8CA9A9A9303232D28851DFE29D05744D5A898B7867631E57E833DE5940D7A4ED1401EEEC485B2DDE5940D7A4E888AF90035F81904F7F3619C6F76D0F63D567AE8DF4F7744CB8851CC820E4E7CE1C0F87760D84036F3F79C348C7D239F11672A0E0213F36F6D69C88CF8E89B11DE22DE440D1437EF89DE75B863C9D136F21070A1EF243834FB70C793A27DE420E08B990032C66C8D3552AAD429ECE89B79003050FF991BD5B5B863C9D136F21070A1EF24F8F1F0C87766F9ABBAD128FA573E22DE440C1439EC6271FBE3E27E4E998700B399043C82F5E0C47DEDD36775B251E4BE7C45BC88102873CDDB9F9F1DE975BEE91A773EEEE1472A088218F2BEDC923C3E1A39D1B5A467C76A49F493F6B752EE44041427EAB55B8D5B99003050FF9EDACC2175A9D0BB990034B1CF23B8DF8EC107221079638E4869003422EE400422EE400422EE480901B420E08B9900308B9900308B9900342DECE88BF66DE5194F3420E08F96D847CA1634B7D5EC8012117722107845CC801845CC8012117722107845CC8851CF8B286FC2E971F02E41B7237040108B9900308B99003426E083920E4420E20E4420E20E4420E08B921E480900B3980900B3980900B3920E4869003422EE400422EE480908BAF9003D91A1A1A125F21077256ABD5AED6EB7501EED0989898381A433EE39D0574CDF0F0F0B32323238D53A74E097107225EAD562FC7B1C53B0BE8AA189ECD7115399DB6048A3CCAE57228F8FF7146C4011690426E1600841C00210740C801841C00210740C801107200210740C801107200841C40C801107200841C002107107200841C00210740C801841C00210740C801107280ECA27D3285FB1663DA4C011437E4AB6E15F252A9B4D94C01143BE6530B84FC5C4F4FCF32B30490E9AABC52A93C678600F288F97C7BE5D356E30019AFCAED8D03E417F31356E300198B2BF0D54D21DF684600F25C955FDB2BB71A07C837E4ABDCD909308F10C2B2F1F1F163A3A3A3616868280C0E0E1A7730AAD56AD8B3674F238E6DDE554057A588D76AB550AFD7C3CCCC8CD1C6989A9A0A2323238D18F52DDE5940D7A495B8887736E671853EE39D05744DDA4E11E0CE8EB4D5E29D05744D8A8EF80A39F01508F9F46793617CDFF630567DE6DA487F4FC7845BC8810C427EEECCF17068D74038F0F693378C742C9D136F21070A1EF263636FCD89F8EC9818DB21DE420E143DE487DF79BE65C8D339F11672A0E0213F34F874CB90A773E22DE480900B39C062863C5DA5D22AE4E99C780B3950F0901FD9BBB565C8D339F11672A0E021FFF4F8C17068F7A6B9DB2AF1583A27DE420E143CE4697CF2E1EB73429E8E09B790033984FCE2C570E4DD6D73B755E2B1744EBC851C2870C8D39D9B1FEF7DB9E51E793AE7EE4E21078A18F2B8D29E3C321C3EDAB9A165C46747FA99F4B356E7420E1424E4B75A855B9D0B3950F090DFCE2A7CA1D5B9900B39B0C421BFD388CF0E2117726089436E083920E4420E20E4420E20E4420E08B921E480900B3980900B3980900B3920E4ED8CF86BE61D45392FE48090DF46C8173AB6D4E7851C107221177240C8851C40C8851C107221177240C8855CC8812F6BC8EF72F92140BE2177431080900B3980900B3920E4869003422EE400422EE400422EE480901B420E08B9900308B9900308B99003426E083920E4420E20E4420E08B9F80A3990ADA1A121F115722067B55AED6ABD5E17E00E8D898989A331E433DE5940D70C0F0F3F3B3232D23875EA94107720E2D56AF5721C5BBCB380AE8AE1D91C5791D3694BA0C8A35C2E8782FF1F67441C600129E4660140C801107200841C40C801107200841C002107107200841C00210740C801841C00210740C801107200210740C801107200841C40C801107200841C002107107200841C002107107200841C00210740C801841C00210740C8016811ED9329DCB718D3660AA0B8215F75AB90974AA5CD660AA0D8319F5A20E4E77A7A7A969925804C57E5954AE53933049047CCE7DB2B9FB61A07C878556E6F1C20BF989FB01A07C8585C81AF6E0AF946330290E7AAFCDA5EB9D53840BE215FE5CE4E80798410968D8F8F1F1B1D1D0D434343617070D0B88351AD56C39E3D7B1A716CF3AE02BA2A45BC56AB857ABD1E6666668C36C6D4D45418191969C4A86FF1CE02BA26ADC445BCB3318F2BF419EF2CA06BD2768A007776A4AD16EF2CA06B5274C457C881AF40C8A73F9B0CE3FBB687B1EA33D746FA7B3A26DC420E6410F273678E8743BB06C281B79FBC61A463E99C780B3950F0901F1B7B6B4EC467C7C4D80EF11672A0E8213FFCCEF32D439ECE89B79003050FF9A1C1A75B863C9D136F2107845CC8011633E4E92A9556214FE7C45BC8818287FCC8DEAD2D439ECE89B79003050FF9A7C70F8643BB37CDDD5689C7D239F11672A0E0214FE3930F5F9F13F2744CB8851CC821E4172F8623EF6E9BBBAD128FA573E22DE44081439EEEDCFC78EFCB2DF7C8D33977770A3950C490C795F6E491E1F0D1CE0D2D233E3BD2CFA49FB53A1772A02021BFD52ADCEA5CC8818287FC7656E10BADCE855CC881250EF99D467C7608B990034B1C7243C801211772002117720021177240C80D2107845CC801845CC801845CC801216F67C45F33EF28CA79210784FC3642BED0B1A53E2FE480900BB99003422EE400422EE480900BB99003422EE4420E7C59437E97CB0F01F20DB91B8200845CC801845CC8012137841C10722107107221071072210784DC107240C8851C40C8851C40C8851C107243C8012117720021177240C8C557C8816C0D0D0D89AF900339ABD56A57EBF5BA0077684C4C4C1C8D219FF1CE02BA667878F8D9919191C6A953A70A1DC88B172F6611F16AB57A398E2DDE594057C5F06C8EABC8E9B42550C4B17BF7EE502E974351FF7F4D6346C401E6F1ED6F7FFBCF53C8CD0440A6EEBBEFBEBF2C954A0D330190A9152B56FC6D5C915F351300998A11FF8738AE9809804CDD7BEFBDDFAA542A97CC0440A67A7B7BBF1B57E417CC0440A6E26A7C65A954FADC4C00E41BF287E2386B2600F20DF913E572F98F6602205331E20371D4CD0440BE2BF2E762C84F9809804C954AA59762C88F9A09807C57E43F8F21FFBD9900C8548CF81B71FCD64C00E41BF2FF2A954AFBCD0440A67A7B7B7F59A954DE371300F9AEC8AB71D4CC0440BE21AFA5989B09807C43FE411C3BCC0440A6D2079D954AE53FCD0440BE2BF2DFA64B10CD0440A6E26AFCF77155FE8A9900C877457E34C6FC4533019081B8F2FE468CF6371F78E081AF3785FC447A7096D901C823E43B63B8C37C239E6BC43F2FC731D31C7A000AA4BFBFFF6B71F57DB555CCAF8F0FCC144081A56BC6170A79DA7E314B000596421D83DD6811F211330490C7AAFC83F9F6C8ED8D0364A2AFAFEF3B3787BC52A9BC666600321257E0E34D21BFD4D3D3B3CCAC0064E4DE7BEFFDD66CC87B7B7B3D6B05204731E227AFEF8FFFB5D90028B8B47512A3BDF1FAF3C7A7D28D3F37ED935F89E3D33846FBFAFAB6A56BCECD1A40012C5FBEFCEFD2658531CE976E7123D0CD1F7E5E8D2BF5B1744BBF590458A21578BA253F063C7C9180B718A356E8005D943EC88C2BE90B3707F9E1871F0EAFBCF24A78EFBDF7C2F1E3C7C3850B174292FEACD7EBE1D7BFFE7578EDB5D7C2FAF5EBE7BBE3F37C6F6FEF77CD2EC0228BC15DBD62C58A1B9EA7F2E4934F5E8BF4952B57C2EDDABF7F7FD8B061C3CD416FC47F7FB3590658C488376FA5C4A0871D3B767CA180DF6CE7CE9DA1BFBFFFE6D5B99803745ADA4E89116F346FA37CFCF1C7A113FEF0873F84471F7DF48695B96D16800E4A1F6C36EF89A788A73DEF4E4AFF5E73CCD39EB90F40013AB7A5B2B3793BA5532BF1F956E6376DB378763940BBD275E2CDFBE2694F7C31A53DF3E6FDF2B4A5E355006843BAD9A7F9EA944B972E85C5F6D4534F356FB18C791500EE50DA1B6FBE63335D62D80D070F1EBCE10ED038EEF66A00DC81741960F3079CED5C66F84535DF34949ECDE2D500B8B36D95DA6C4C5F7DF5D5D04D6FBEF9E60DB7F07B3500EE2CE453B3314DB7DD7753DAC669DA5E39E3D500B80331A07FDA1F9F9C9CEC6AC8D375E5CD8FC0F56A00DCD98AFC4F319D7D0056B7A4DFD7FCFBBD1A006D867C290839801539C0579B3D7280FC57E4AE5A01C83CE4AE2307C87C6BE5B9A5BAB3F3B1C71E73672740BBD2B356D2FEB467AD00E4BDBDF241F3D30FBBB12A6FFE2E4F4F3F0468537A1E79FAEA35CF2307C87B555EEBD63704DD7FFFFDBE2108A0D3D27767A6EFD05CECEFEC5CBB76ADEFEC04582CE95BED9BB75852CC3BB5324F2BF1E688A7DF937E9F5907E87CCCFFB539E6699B25ED99B7F30168DA13BF693B25ADC6379B6D802EC57CF66A96FDFBF77FE14B0C0706066E0878FA77451CA03B31FF6EF39E79F3764BBA0374DFBE7DD79ECD32FBA0ADF467DA034FB14F776C36DFECD3BC276E3B05A08BD20791CD57B3B4393EF0C126C01249D799C7D5F46F9AEF00BD9D91EED84C37FBF4F5F57DC72C021440BA9DFFFAB359D22A7DAAF911B84DB7DA9F490FC04ACF4E71DB3D000000000000000000000039F97F07435DB8816543D90000000049454E44AE426082, '1');
INSERT INTO `act_ge_bytearray` VALUES ('30002', '3', 'source', null, 0x7B227265736F757263654964223A223330303031222C2270726F70657274696573223A7B2270726F636573735F6964223A22E595A6E595A6E595A6E6B581E7A88B222C226E616D65223A22222C22646F63756D656E746174696F6E223A22222C2270726F636573735F617574686F72223A22222C2270726F636573735F76657273696F6E223A22222C2270726F636573735F6E616D657370616365223A22687474703A2F2F7777772E61637469766974692E6F72672F70726F63657373646566222C22657865637574696F6E6C697374656E657273223A22222C226576656E746C697374656E657273223A22222C227369676E616C646566696E6974696F6E73223A22222C226D657373616765646566696E6974696F6E73223A22227D2C227374656E63696C223A7B226964223A2242504D4E4469616772616D227D2C226368696C64536861706573223A5B7B227265736F757263654964223A227369642D31463733353943452D424441412D343643432D383637432D414235334642423639433742222C2270726F70657274696573223A7B226F766572726964656964223A22222C226E616D65223A22222C22646F63756D656E746174696F6E223A22222C22657865637574696F6E6C697374656E657273223A22222C22696E69746961746F72223A22222C22666F726D6B6579646566696E6974696F6E223A22222C22666F726D7265666572656E6365223A22222C22666F726D70726F70657274696573223A22227D2C227374656E63696C223A7B226964223A2253746172744E6F6E654576656E74227D2C226368696C64536861706573223A5B5D2C226F7574676F696E67223A5B7B227265736F757263654964223A227369642D32343738314539452D443338392D343744422D423732412D303330353532313032313943227D5D2C22626F756E6473223A7B226C6F7765725269676874223A7B2278223A3235382C2279223A3130397D2C2275707065724C656674223A7B2278223A3232382C2279223A37397D7D2C22646F636B657273223A5B5D7D2C7B227265736F757263654964223A227369642D39444536414230342D344537372D343045372D413546372D353136323333443034433942222C2270726F70657274696573223A7B226F766572726964656964223A22222C226E616D65223A22222C22646F63756D656E746174696F6E223A22222C226173796E6368726F6E6F7573646566696E6974696F6E223A2266616C7365222C226578636C7573697665646566696E6974696F6E223A2266616C7365222C22657865637574696F6E6C697374656E657273223A22222C226D756C7469696E7374616E63655F74797065223A224E6F6E65222C226D756C7469696E7374616E63655F63617264696E616C697479223A22222C226D756C7469696E7374616E63655F636F6C6C656374696F6E223A22222C226D756C7469696E7374616E63655F7661726961626C65223A22222C226D756C7469696E7374616E63655F636F6E646974696F6E223A22222C226973666F72636F6D70656E736174696F6E223A2266616C7365222C22757365727461736B61737369676E6D656E74223A22222C22666F726D6B6579646566696E6974696F6E223A22222C22666F726D7265666572656E6365223A22222C2264756564617465646566696E6974696F6E223A22222C227072696F72697479646566696E6974696F6E223A22222C22666F726D70726F70657274696573223A22222C227461736B6C697374656E657273223A22227D2C227374656E63696C223A7B226964223A22557365725461736B227D2C226368696C64536861706573223A5B5D2C226F7574676F696E67223A5B5D2C22626F756E6473223A7B226C6F7765725269676874223A7B2278223A3431322C2279223A3132387D2C2275707065724C656674223A7B2278223A3331322C2279223A34387D7D2C22646F636B657273223A5B5D7D2C7B227265736F757263654964223A227369642D32343738314539452D443338392D343744422D423732412D303330353532313032313943222C2270726F70657274696573223A7B226F766572726964656964223A22222C226E616D65223A22222C22646F63756D656E746174696F6E223A22222C22636F6E646974696F6E73657175656E6365666C6F77223A22222C22657865637574696F6E6C697374656E657273223A22222C2264656661756C74666C6F77223A2266616C7365227D2C227374656E63696C223A7B226964223A2253657175656E6365466C6F77227D2C226368696C64536861706573223A5B5D2C226F7574676F696E67223A5B7B227265736F757263654964223A227369642D39444536414230342D344537372D343045372D413546372D353136323333443034433942227D5D2C22626F756E6473223A7B226C6F7765725269676874223A7B2278223A3331312E373237383331313738323636372C2279223A39332E313939363433373938393034327D2C2275707065724C656674223A7B2278223A3235382E383733373331333231373333332C2279223A39302E353334373331323031303935387D7D2C22646F636B657273223A5B7B2278223A31352C2279223A31357D2C7B2278223A35302C2279223A34307D5D2C22746172676574223A7B227265736F757263654964223A227369642D39444536414230342D344537372D343045372D413546372D353136323333443034433942227D7D5D2C22626F756E6473223A7B226C6F7765725269676874223A7B2278223A313230302C2279223A313035307D2C2275707065724C656674223A7B2278223A302C2279223A307D7D2C227374656E63696C736574223A7B2275726C223A227374656E63696C736574732F62706D6E322E302F62706D6E322E302E6A736F6E222C226E616D657370616365223A22687474703A2F2F62336D6E2E6F72672F7374656E63696C7365742F62706D6E322E3023227D2C227373657874656E73696F6E73223A5B5D7D, null);
INSERT INTO `act_ge_bytearray` VALUES ('30003', '2', 'source-extra', null, 0x89504E470D0A1A0A0000000D49484452000001CE000000B20806000000CB712FBE000000206348524D00007A26000080840000FA00000080E8000075300000EA6000003A98000017709CBA513C0000000467414D410000B18E7CFB5193000000017352474200AECE1CE900000006624B474400FF00FF00FFA0BDA793000000097048597300000EC400000EC401952B0E1B00000BFD4944415478DAEDDD0B8C55757E07F033EFCB6B80094367051F24BA4237A8986DED8350B42811DCDA64A50E0BDAA43EE8B66B13DD54BB46DD0446971834DDDDB4AE76D945323C0451B0B5844723A494A25D117626529D2A0F6118DE33C30C8C3073A7FF3F8ECD6C810D2C30DCB9F7F3490EE7CEB99739F7FEEEC97CEFEF9E73FE274900000000000000000000000000000000000000000000000000000000000000000000000000000000000000000000000000000000000000000000000000000000000000000000000000000000000000000000000000805C97A704402EE9ECEC4C6DDFBEFD3B2D2D2DD38F1D3B767D6B6B6B2A9D4E2BCC8586495E5E674949C9A1E2E2E2F74E9E3C3967ECD8B1EF084E805E2E04E65F1E3C78F085B6B6B6BE151515C9C081039301030624F9F9F98A7381E2878FF06124696E6E4E1A1A1A4E7474746C3B7EFCF8F4891327D60A4E805E68D7AE5DCB3FFDF4D3BBAFBAEAAAE48A2BAE881D92A25C42F5F5F5C98E1D3B8E870E7FEA6DB7DDB6229B5E5B81B717C885D00CD3DDA3468D4ACACBCB85660F889D7C595959D1FEFDFB274F9F3EBD66FEFCF91F0B4E805E207E3D1B3A9FEFC6D02C2D2D3DEDFECF5BF6250D1FBE99346C5B911CDCFE4E72ECC8F6A4A4DFD0A4B0A454F12E507171710CCF9286868649D3A64D7BBBBABA7A7F36BC2E5FEC03592B1E0814F769C6AF67CF169A9F6DFE59D272F0A324DD7122E94CB727C70E7F92EC7A7F6ED2D6BC47012F827EFDFA25D75C734DBAA0A0E047D9F29A042790CDDDE677E28140719FE6991CDEF9EF49FB89D6D396C7103DB87D9D025E24C3870F2F2B2C2CBC6ECD9A35BF27380132583CE5241E3D7BB67D9AC77F4D5719BB512E9EA143873684D937052740068BE769C6534ECEA6B3E3E4D9FF73A7733B2FA62143860C0BB3F1D9F05A0ABD9D40B68A831BC4A33BB9FCC2FBF095302BD7710264B07852BEC10D32246CBE781FB2A259B3450139ABA8CFE0B3DE5758A253457002FC8AB2ABFE20292CEE77DAF282A23E49D9D5631508C109D05DFFF25149BF21D79F71F980A15F53200427C0FFD771F2F869CBDA3F3FAA30084E80EE4EB41E38354250CB816DA7DDD77AA82ED9F58B7F3AF518109C40CE6BAADF1C42F3A7A7C6A53D9B638D3B931DEFBD941CD9B531E9744E27DD388F13C8A92E73DFC7FF7AAAA33C1771E8BDF8F8A3A12B1DFAD54949EAD4A988E838017244EC20CF35347FA5FB0C9DE9CEFF7A5901119C406E891DE46F2A5E3905225FD5023963E4842A4540C70900821300042700084E00109C0080E00400C10900821300042700084E00C82986DC835EA6B3B333555353F3E71F7CF0C1B7F6EEDD7B537D7D7DDFE6E6E6C2B6B6B6A4B0B0B073C0800127CBCACAF69496966E0C0F9FF5C4134F7CA46A2038212703F38D37DE78A5AAAA6AEAA143870A478D1A958C1F3F3EB9F2CA2B931094492A954A4278E61D3D7AB4F8B3CF3E1B515B5B3B62F3E6CDDF7AF4D14777B5B6B656BDF2CA2B3F5545109C9013366DDAF417CF3EFBEC3F363535955456562637DE786352505070DAE36278C6A9BCBC3CB9F9E69B93FBEFBF3F6FEBD6AD572F5EBCF8273366CCF8EEE1C387BFB174E9D2FF5151109C90AD5D66E15B6FBDB57ADEBC79B74E9E3C39B9F3CE3BCF1898BF4E0CD93015AC5AB56AE492254B7EF9F0C30FFF8DEE137E730E0E820C0ECDF5EBD76F5CBB76EDAD8F3DF65872D75D779D7768763771E2C4E499679EE9939F9FFFA3071F7CF0AF551804276495D8692E5BB6EC779E7EFAE9E4BAEBAEBB28BFF3EAABAF4E66CE9C19C373F6D4A953A7AB32084EC80A719FE6CA952B6F7DE491474EEDAFBC98E2EF7BF2C927FB171515FD3884E7C84CAE436565E55361BA67CA9429FD6D15640AFB3821C3C4A36767CD9AF552DCA779B13ACD33759EF7DE7B6FC9C2850B7F1E7EFCFD0C2EC7ACF84F4141414708D0ADE1E63F87695D2A95DA346FDEBC365B0B821348962F5F3E379E5212F7495E4A93264DEAF3F6DB6F8F885FD92E5AB4A83AC3CB1277EEDEDC357DBFADADAD353CEFFF0C1F3256E5E7E7AFADAFAFAF5DB76E5DBBAD07C10939D86D565555FD593CE5A4A8A8E892AF6FC68C19839F7FFEF978A050752F2B55BF50AB09613E219D4E27151515FB4290BE13833474A76B172C58B0DBD684E0841C104704DABF7F7F613C85A427DC70C30DC52525252342505FB378F1E21DBDB874BF1542B332CC2B3B3A3AE2BED1CFC3ED8F42276AA3427042368BC3E89D6D70834B65F4E8D10DEFBEFBEE3DE1E69C9E58DFF8F1E30B870D1B5671E2C48954789DC3BB3AED8ABCBCBC54B839244CFDBB960DBB80D594C4CF05A19E31446D58084EC85671ECD9388C5E4FBAE5965B0685E0FCA37309CE2953A65484B04B8550EB1F826EC897F3AEBB630896748560FCDB5211A6545710C6C70E0ACB07C507C6AEB0FB8783B0FCB4759D69D979FA78CC98315FB5552138218BC501DBE311AF3DA96FDFBE03C26CDCD4A9537F1043EFCBA0EB168685DD3BC1EEA1763E81D76D793C88A7214CF1A8D8DD5DF7358475C79F0F86A9B56BD9EEB02C3EF6E7E7F172DE0DD34F52A9D4E278D4ED030F3CD069AB427042168B5739193468508FAE73DBB66D65711E42EAEFCEE1E15F065E4B57C87D394FBA42F0F3AE106CEF1686A71E13C2AC318459E3F93EBFCACACA3305670CC4BCAEE7DDD415AE735F7BEDB55A5B1182137248BC34581CA4BD278D1B372E59B162450CA0EFC5B0EB1E861D1D1DBB0B0A0ADAC3FCE0D2A54B5B2E777DC273ECCCFBA2758DD3A630BD9C4EA75FCF84E786E0042E83929292CE7869B09E0CCFC18307EF0BB381A15B9B9DE9F509997928CC5E0FF31F2E5AB4E8BF6D31084EC871A5A5A5271B1B1B8B2B2A2A7A6C9D617DF1ABCE93195E9A4D212CE7B6B7B72FD65D223881FF3368D0A05D3B77EEBCB62783B3A6A6E69330EBC8D49AE4E7E78F59B870E1165B0719B34D2A016454C7B9BEB6B6678F6FD9B871633CD0667DA6D64468223881B36A6A6AFAC1962D5BD2F13CC71ED256575717AF90F2BAEA83E0845EA7AAAAEA93E2E2E2ED5BB76EED91F5AD5EBD7A593A9DAEEFE5C3ED81E0841CEF3ABFB770E1C2F61EE83A1B5F7DF5D5DFCECBCB7B59D5417042AF3577EEDCA52D2D2DDB56AE5C7949D73367CE9CD86DB6EEDDBB77B1AA83E084DEDE75FEC99B6FBE79BCAEAEEE92FCFE9A9A9AB7DE7FFFFDC9A1DB7CC8752C417042AF17F7399E3871E2A1175E78E1D88103072EEAEFDEB367CF7FCC9E3DFBA6109A7F6B1001109C9035AAABAB17B4B4B43CF2D4534FB55CACCE33769A8F3FFEF8951D1D1D2F85D0AC5665109C9055162C58F0B3A6A6A68766CE9CD9BC62C58AD60B3860A8F1C5175F9CF7DC73CFFD6E3A9DFE7E6F185E0F3295918320C385905B5C5959B969C992257357AE5CF9B5193366948E1933A6CF39FEF7B6356BD62C9F3F7FFEB5EDEDEDD7E6E5E5DDEAEB59109C90F5BACEB3FCE310A0F7CC9933E7DBC5C5C5A3478E1C7960ECD8B1FD478C18515C5656561107863F7EFCF8BE38F6EC871F7E58B761C38682BABABAEB43971AAFA9F90F0D0D0DD50E0402C109B916A071849FD7A74D9B367CEBD6ADF76CD9B2E50FC3CF5F4FBEB84666BCA4CAC0E48B01DBE3307AFF16A66F1BDC000427E4BC050B16C48B46FF7DD704F42007070180E00400C10900821300042700084E0040700280E00400C109707E7FE0F2F33BD3E9B4426480F03EEC0CB3AC18F2517002592B954AED3F7AF4A842648023478ED486D916C10990C18A8A8A36343535294406686868680EB37582132083B5B5B53DBF77EFDE939D9D9D8A7179ED387CF8F08D61BE4C700264B071E3C6BD1742F397F5F5F58A7119D5D6D6AE09EF43FDEDB7DFBE497002647ED7397DC78E1DC79A9B9B15E332686C6C5C11BACD6FA4D3E947B3E53515785B816C565D5D7DF0BEFBEE7BEFD0A143770F1C3830555252A2283D189A353535A3F3F2F2FEEA8E3BEED82038017A89F9F3E77F3A7DFAF45FECDBB7EF4FC31FF1D6D2D2D23E61AE3097CE8EDADADAA5A1D3BF2D86E6840913FE259B5E9C2D07C819AB56AD1A999F9FFFC3C2C2C231E5E5E5BB870C19F295D0855684658A7381E2799AF1949378F46C3C1028EED38C5FCF4E9C38B136DB5EABE00472CEEAD5AB6F0A9DD037C3CDF161FA7A9852AA72C1E2E006F13CCD75615A962D07020100000000000000000000000000000000000000000000000000000000000000000000000000000000000000000000000000000000000000000000000000000000000000000000000000000000000000000000000000000017E87F01DCC94BCC6FC174C30000000049454E44AE426082, null);
INSERT INTO `act_ge_bytearray` VALUES ('30005', '1', '.bpmn', '30004', 0x3C3F786D6C2076657273696F6E3D22312E302220656E636F64696E673D225554462D38223F3E0A3C646566696E6974696F6E7320786D6C6E733D22687474703A2F2F7777772E6F6D672E6F72672F737065632F42504D4E2F32303130303532342F4D4F44454C2220786D6C6E733A7873693D22687474703A2F2F7777772E77332E6F72672F323030312F584D4C536368656D612D696E7374616E63652220786D6C6E733A7873643D22687474703A2F2F7777772E77332E6F72672F323030312F584D4C536368656D612220786D6C6E733A61637469766974693D22687474703A2F2F61637469766974692E6F72672F62706D6E2220786D6C6E733A62706D6E64693D22687474703A2F2F7777772E6F6D672E6F72672F737065632F42504D4E2F32303130303532342F44492220786D6C6E733A6F6D6764633D22687474703A2F2F7777772E6F6D672E6F72672F737065632F44442F32303130303532342F44432220786D6C6E733A6F6D6764693D22687474703A2F2F7777772E6F6D672E6F72672F737065632F44442F32303130303532342F44492220747970654C616E67756167653D22687474703A2F2F7777772E77332E6F72672F323030312F584D4C536368656D61222065787072657373696F6E4C616E67756167653D22687474703A2F2F7777772E77332E6F72672F313939392F585061746822207461726765744E616D6573706163653D22687474703A2F2F7777772E61637469766974692E6F72672F70726F63657373646566223E0A20203C70726F636573732069643D22E595A6E595A6E595A6E6B581E7A88B2220697345786563757461626C653D2274727565223E0A202020203C73746172744576656E742069643D227369642D31463733353943452D424441412D343643432D383637432D414235334642423639433742223E3C2F73746172744576656E743E0A20203C2F70726F636573733E0A20203C62706D6E64693A42504D4E4469616772616D2069643D2242504D4E4469616772616D5FE595A6E595A6E595A6E6B581E7A88B223E0A202020203C62706D6E64693A42504D4E506C616E652062706D6E456C656D656E743D22E595A6E595A6E595A6E6B581E7A88B222069643D2242504D4E506C616E655FE595A6E595A6E595A6E6B581E7A88B223E0A2020202020203C62706D6E64693A42504D4E53686170652062706D6E456C656D656E743D227369642D31463733353943452D424441412D343643432D383637432D414235334642423639433742222069643D2242504D4E53686170655F7369642D31463733353943452D424441412D343643432D383637432D414235334642423639433742223E0A20202020202020203C6F6D6764633A426F756E6473206865696768743D2233302E30222077696474683D2233302E302220783D223232382E302220793D2237392E30223E3C2F6F6D6764633A426F756E64733E0A2020202020203C2F62706D6E64693A42504D4E53686170653E0A202020203C2F62706D6E64693A42504D4E506C616E653E0A20203C2F62706D6E64693A42504D4E4469616772616D3E0A3C2F646566696E6974696F6E733E, '0');
INSERT INTO `act_ge_bytearray` VALUES ('30006', '1', '..png', '30004', 0x89504E470D0A1A0A0000000D494844520000010C000000770806000000F61E7E25000003A94944415478DAEDDC4D4B9C571400E02CB3CC9FE9AE8B946E4AD7821335287ECD30C42F2410088AA80B8DB542172D0169AB74D3855611C4A0E046821BF163574B1B8B46AD85B6D2A0CD38E3ED7B4303A57451139DF28ECF03831B5138308773CF3DE7DEB80100000000000000000000000000000000000000000000000000000000000000000000000000000000000000000000000000000000000000000000000000000000000000000000000000000000000000000000F0E64208B7B6B6B6BE9A9C9CFC6D6868E8BCBDBD3D343434844C2613EAEAEA423E9F0F0F1F3E3C1B1E1EFEE1D1A3471F88185CD344313535F5FDC0C040E8ECEC0C8F1F3F0EABABABE1F9F3E7E1F4F43444F1E7D1D151585B5B0B131313A1A3A3237475759DB5B6B67E2982704D2489E18BC1C1C170FFFEFD57C9A0582C86FF6A6363233C78F02064B3D997555555EF8B26546E5571737676F6D75C2E17E6E6E62E9428FE6961612134353505D5065468B2585E5E7ED1D6D616B6B7B7C365D8D9D90931F93437377F2DC250416265119345EC495CA6F8F75A5A5ACE6B6A6A3E1365A8909E45AC042EABB2F8B74AE3EEDDBB31697C28DA90EEA3C8ADFEFEFE573D8BAB343F3F7F5E5B5BFBBB88438A4D4F4F3F8BB7218542215CB57C3E5F72348114571771CE225E9D96C3E6E6665065404AC509CED8E87C9BEBD38B6A6C6C2CDDB973E75DD1879489E3DEE3E3E3A19CC6C6C64E3299CC9CE843CAC4DD9038EE5D4E4F9F3E3D4B12C6A1E843CAC445B2838383B2268CC3C3C35292308AA20F2913B74E5F2F92954BFC7F71D355F42165E217F7FF2061400AD5D7D797BDC23839392949189042F7EEDD2B7B0F637F7FFFA51E06A4504F4F4FA1DCB7244F9E3C39724B0229343232F26DB9E730FAFAFA8ECC61400AF5F6F6BE178F25E59CF4ACA9A92998F48494EAEAEA2A946B9724398E3C4BAA8B635187946A6A6AFAB8BBBBBB1C55467C0FE3C4B62AA45C369B3DBDEAF73062BF245617B76FDFBE29E29062B1A7D0D8D878652F6E6D6D6D1D24FFA3E4C52DA8107575759F2695C6A5BFE9B9BBBB7B9C248B334711A8BCA4F1797CB0F7B22A8DBF2A8BB3EAEAEA05D1850A947CB93F4912C7F9CCCCCCF95B3442CF474747BF8BC7904C26332EAA50E13D8DE408F14B2E972BADAFAF5F28532C2E2EFE98249C17B1C1A96701D7ABDAF828268E868686D2D0D0D01F2B2B2BC5BDBDBDE2EB85B5B8481677439696967EEAEBEBFB39F9DDF838CE71AC2ADC86C035555B5BFB4E52757C932482DDE4139342F8DBA7187743E2B8B7094E00000000000000008094FB1367ED62BC6A3D1E760000000049454E44AE426082, '1');
INSERT INTO `act_ge_bytearray` VALUES ('30009', '1', '22.bpmn', '30008', 0x3C3F786D6C2076657273696F6E3D22312E302220656E636F64696E673D225554462D38223F3E0A3C646566696E6974696F6E7320786D6C6E733D22687474703A2F2F7777772E6F6D672E6F72672F737065632F42504D4E2F32303130303532342F4D4F44454C2220786D6C6E733A7873693D22687474703A2F2F7777772E77332E6F72672F323030312F584D4C536368656D612D696E7374616E63652220786D6C6E733A7873643D22687474703A2F2F7777772E77332E6F72672F323030312F584D4C536368656D612220786D6C6E733A61637469766974693D22687474703A2F2F61637469766974692E6F72672F62706D6E2220786D6C6E733A62706D6E64693D22687474703A2F2F7777772E6F6D672E6F72672F737065632F42504D4E2F32303130303532342F44492220786D6C6E733A6F6D6764633D22687474703A2F2F7777772E6F6D672E6F72672F737065632F44442F32303130303532342F44432220786D6C6E733A6F6D6764693D22687474703A2F2F7777772E6F6D672E6F72672F737065632F44442F32303130303532342F44492220747970654C616E67756167653D22687474703A2F2F7777772E77332E6F72672F323030312F584D4C536368656D61222065787072657373696F6E4C616E67756167653D22687474703A2F2F7777772E77332E6F72672F313939392F585061746822207461726765744E616D6573706163653D22687474703A2F2F7777772E61637469766974692E6F72672F70726F63657373646566223E0A20203C70726F636573732069643D22E595A6E595A6E595A6E6B581E7A88B2220697345786563757461626C653D2274727565223E0A202020203C73746172744576656E742069643D227369642D31463733353943452D424441412D343643432D383637432D414235334642423639433742223E3C2F73746172744576656E743E0A202020203C757365725461736B2069643D227369642D39444536414230342D344537372D343045372D413546372D353136323333443034433942223E3C2F757365725461736B3E0A202020203C73657175656E6365466C6F772069643D227369642D32343738314539452D443338392D343744422D423732412D3033303535323130323139432220736F757263655265663D227369642D31463733353943452D424441412D343643432D383637432D41423533464242363943374222207461726765745265663D227369642D39444536414230342D344537372D343045372D413546372D353136323333443034433942223E3C2F73657175656E6365466C6F773E0A20203C2F70726F636573733E0A20203C62706D6E64693A42504D4E4469616772616D2069643D2242504D4E4469616772616D5FE595A6E595A6E595A6E6B581E7A88B223E0A202020203C62706D6E64693A42504D4E506C616E652062706D6E456C656D656E743D22E595A6E595A6E595A6E6B581E7A88B222069643D2242504D4E506C616E655FE595A6E595A6E595A6E6B581E7A88B223E0A2020202020203C62706D6E64693A42504D4E53686170652062706D6E456C656D656E743D227369642D31463733353943452D424441412D343643432D383637432D414235334642423639433742222069643D2242504D4E53686170655F7369642D31463733353943452D424441412D343643432D383637432D414235334642423639433742223E0A20202020202020203C6F6D6764633A426F756E6473206865696768743D2233302E30222077696474683D2233302E302220783D223232382E302220793D2237392E30223E3C2F6F6D6764633A426F756E64733E0A2020202020203C2F62706D6E64693A42504D4E53686170653E0A2020202020203C62706D6E64693A42504D4E53686170652062706D6E456C656D656E743D227369642D39444536414230342D344537372D343045372D413546372D353136323333443034433942222069643D2242504D4E53686170655F7369642D39444536414230342D344537372D343045372D413546372D353136323333443034433942223E0A20202020202020203C6F6D6764633A426F756E6473206865696768743D2238302E30222077696474683D223130302E302220783D223331322E302220793D2234382E30223E3C2F6F6D6764633A426F756E64733E0A2020202020203C2F62706D6E64693A42504D4E53686170653E0A2020202020203C62706D6E64693A42504D4E456467652062706D6E456C656D656E743D227369642D32343738314539452D443338392D343744422D423732412D303330353532313032313943222069643D2242504D4E456467655F7369642D32343738314539452D443338392D343744422D423732412D303330353532313032313943223E0A20202020202020203C6F6D6764693A776179706F696E7420783D223235372E393830393639383235393939392220793D2239332E3234343635363938333536333032223E3C2F6F6D6764693A776179706F696E743E0A20202020202020203C6F6D6764693A776179706F696E7420783D223331322E302220793D2239302E3532313030383430333336313335223E3C2F6F6D6764693A776179706F696E743E0A2020202020203C2F62706D6E64693A42504D4E456467653E0A202020203C2F62706D6E64693A42504D4E506C616E653E0A20203C2F62706D6E64693A42504D4E4469616772616D3E0A3C2F646566696E6974696F6E733E, '0');
INSERT INTO `act_ge_bytearray` VALUES ('30010', '1', '22..png', '30008', 0x89504E470D0A1A0A0000000D49484452000001A60000008A0806000000E168EEFA000007624944415478DAEDDDDD6B54E91DC0F1A5F4C2CBBDEB45FF8E5EB51796DE9442692F248963D4901813826F410459D166554A7C5BA12D1541BAAB94422FB45AA9983AD1605C95B6564D95B24AD525898963775D51D4BCCDD3E71103D6185777664E5EE6F3811FD19913671886F9FA9C3973E6BDF700000000000000000000000000000000000000000000000000000000000000000000000000000000000000000000000000000000000000000000000000000000000000000000000000000000000000802942080B6EDDBAD57FE1C285D0DDDD1D4E9D3A65329E7C3E1FCE9E3D5B8CB3CF3312A87A294ABDBDBDA1502884919111334373FFFEFDD0D3D3538C91DAED590954B5B45212A5D913A7B8821AF1AC04AA5ADA7D270AB367D2AE3DCF4AA0AAA51742411026803917A6C75F0D855B7FFF385CCF6F7D3EE9CFE93231112680CCC3F4E8C160B8D6B5395CFDCB86FF9B7459BA4E50840920D330F55FFFF394284DCEC0F5E382224C00D986E9DF67764C1BA6749DA0081340A661BA76AA63DA30A5EB0445980084499800AA374CE928BCE9C294AE13146102C8344C373FFDCDB4614AD7098A3001641AA62F06FBC2B5BFFE62EA6EBC7859BA4E50840920D330A5B9FD8F4353C2942E13136102C83E4CCF9E859BE7F74DDD8D172F4BD7098A30016416A67466871B9FFE7ADAF798D275CEFE204C00950F535C090DDD3C1DFE75F28369A33439699BB4ADD593300154244C5FB74AB27A1226804CC3F436ABA437AD9E04469800CA1AA66F1AA5C911186102286B988C30010893112600611226006132C204204CC204204C4698008449980084C90813803009138030196102BEB910C2FB7D7D7DBF3F74E8D0579D9D9DC5356BD68486868650575717EAEBEB435B5B5BD8B469D3D88E1D3B6EEDDCB9F3C7C22408C204542C48870F1FFECFB66DDBC2BA75EBC2FEFDFBC3C58B17C3E0E06078FAF46948D2CF42A1102E5DBA140E1E3C18D6AE5D1BDADBDBC756AE5CF98930196102CA2606E8E3EDDBB7870D1B363C8FCEF8F878785B57AE5C091B376E0C2D2D2D238B162DFA91301961024A59252D3876ECD883D6D6D670FCF8F1770AD2AB4E9E3C199A9A9A4235AD9E844998803247E9CC99338F57AF5E1D6EDCB811CAE1CE9D3B21456EC58A157F1426234CC03B492BA514A5F49E5139A57FAFB9B9B998CBE5F609931126E0ADA4F794D2CAA65C2BA5D7AD9C962E5D9AE2F493B9F6D82C5EBCF8074B962CA915266102B2DB85F7FED6AD5B9FBFA75449274E9C28C617F84773EDF1A9A9A9F9793A343ECEDDDADADADD0B172E5C204CC20454D09123476EA7A3EF46474743A5B5B5B54DCCB55D7A69C5F4224C933312E70FF1F2EF0893300115582DA5CF29A543C2B370F5EAD530D7564DF1FE7EEF95303D9FB87A2AC69FF9970F89172661024A94CEE8900E7828E5B0F077D5D8D83891562173E9717A5D985E99FE384B8549988012A5D30C1D3870206469EFDEBD4FE28BF8F1D9F4387474747C7BD9B265DF4DABA35C2EF7B378FF9AE3CF0F6A6A6A3E8A113DF816610A71BB204CC20494289DFB2E9D66284BE7CF9F1F8B2FE4C3590425FE3C162FEB897329CE676965132FFF6FFCF928CEB338E3718A2FED9A1B7F71F9A3F8F7FB71DBFE17BF376D90E2767F8BB7FFFD743F8449988012A513B20E0D0D651AA6E1E1E18914808C82927EFF4C9CA3713E49FF7EBA9DB8CD8AF8E79FA6DB4FF7233E14DFFA9A5D7963AF09D23FD3EFBFBC9D30091350A27496F0C913B266E5C9932721ABA0944BBC5FA32FBF9F940E217FDD76C2244C4089D20BED4C48B73B971EA718A607294E318C1FBE693B611226A044CB972F9F8915D3C45C0B535AA9BDE983B5C2244C4099AC5AB52AF3F798EEDEBD9B3EA03A3E1F1F4F611226A0449B376F1ECDFAA8BCAEAEAE42B98ECA1326234C30CFECDAB5EBB3AC3FC7D4D1D151986D9F631226610266892D5BB6FC30EDCECBF2CC0FB95C6E74AE9DF941988409C8507B7BFB6856E7CAEBEAEABA1D574B0FE7EB63294CC20494415353D347EBD7AFCF62D594BE8FE9C97CFEC240611226A04C5A5A5A9E56FAFB98D2FB5969B5F436875D0B931126A872E93D9FC6C6C68A7D836D5F5FDF50BC8D89B9F80DB6C2244CC00CA9AFAFFF6D5C398542A150D628F5F7F73F8C511A9BCFBBF084499880CAC5E977CDCDCDC572AD9C5EAC94C66A6B6B4F56C3E3274CC20454408CC8AF62A08A478F1E2D9670404471CF9E3D37D3EEBBBABABA03D5F2D8099330011592DE73CAE5725FB6B6B64E5CBE7CF99D8A145F0C3E8F617B9C0E7498EFEF2909933001D9AF9E76A7403534344C7476763E3B77EEDCF8C0C0C0F8E4895FD30959D3B9EFF2F9FCBD8E8E8EFB71DBF4BD450FD32A693E1F7D274CC204CCB0F4FD477115F5A7F45D44AFF9D2BCF49D4AC3E93443F3F58C0EC2244C00C26484094098840940988C3001089330010893112600611226CF4A40980441980084C90813803009138030196102102661021026234C00C2244C00C264840940988409A05A7477770B823001CC1EBDBDBD138542411466C10C0C0C7C1EC334E2590954B5D3A74FFFB2A7A7A778EFDE3D7198E128E5F3F9B138BB3D2B81AA175F0C3F8CFF537F9C762399199B115102000000000000000000000000008069FC0F13AFFBD5B80CDC7A0000000049454E44AE426082, '1');

-- ----------------------------
-- Table structure for act_ge_property
-- ----------------------------
DROP TABLE IF EXISTS `act_ge_property`;
CREATE TABLE `act_ge_property` (
  `NAME_` varchar(64) COLLATE utf8_bin NOT NULL,
  `VALUE_` varchar(300) COLLATE utf8_bin DEFAULT NULL,
  `REV_` int(11) DEFAULT NULL,
  PRIMARY KEY (`NAME_`)
) ENGINE=InnoDB DEFAULT CHARSET=utf8 COLLATE=utf8_bin;

-- ----------------------------
-- Records of act_ge_property
-- ----------------------------
INSERT INTO `act_ge_property` VALUES ('cfg.execution-related-entities-count', 'false', '1');
INSERT INTO `act_ge_property` VALUES ('next.dbid', '32501', '14');
INSERT INTO `act_ge_property` VALUES ('schema.history', 'create(6.0.0.4)', '1');
INSERT INTO `act_ge_property` VALUES ('schema.version', '6.0.0.4', '1');

-- ----------------------------
-- Table structure for act_hi_actinst
-- ----------------------------
DROP TABLE IF EXISTS `act_hi_actinst`;
CREATE TABLE `act_hi_actinst` (
  `ID_` varchar(64) COLLATE utf8_bin NOT NULL,
  `PROC_DEF_ID_` varchar(64) COLLATE utf8_bin NOT NULL,
  `PROC_INST_ID_` varchar(64) COLLATE utf8_bin NOT NULL,
  `EXECUTION_ID_` varchar(64) COLLATE utf8_bin NOT NULL,
  `ACT_ID_` varchar(255) COLLATE utf8_bin NOT NULL,
  `TASK_ID_` varchar(64) COLLATE utf8_bin DEFAULT NULL,
  `CALL_PROC_INST_ID_` varchar(64) COLLATE utf8_bin DEFAULT NULL,
  `ACT_NAME_` varchar(255) COLLATE utf8_bin DEFAULT NULL,
  `ACT_TYPE_` varchar(255) COLLATE utf8_bin NOT NULL,
  `ASSIGNEE_` varchar(255) COLLATE utf8_bin DEFAULT NULL,
  `START_TIME_` datetime(3) NOT NULL,
  `END_TIME_` datetime(3) DEFAULT NULL,
  `DURATION_` bigint(20) DEFAULT NULL,
  `DELETE_REASON_` varchar(4000) COLLATE utf8_bin DEFAULT NULL,
  `TENANT_ID_` varchar(255) COLLATE utf8_bin DEFAULT '',
  PRIMARY KEY (`ID_`),
  KEY `ACT_IDX_HI_ACT_INST_START` (`START_TIME_`),
  KEY `ACT_IDX_HI_ACT_INST_END` (`END_TIME_`),
  KEY `ACT_IDX_HI_ACT_INST_PROCINST` (`PROC_INST_ID_`,`ACT_ID_`),
  KEY `ACT_IDX_HI_ACT_INST_EXEC` (`EXECUTION_ID_`,`ACT_ID_`)
) ENGINE=InnoDB DEFAULT CHARSET=utf8 COLLATE=utf8_bin;

-- ----------------------------
-- Records of act_hi_actinst
-- ----------------------------
INSERT INTO `act_hi_actinst` VALUES ('10007', 'myProcess_1:1:4', '10001', '10006', '_2', null, null, '', 'startEvent', null, '2020-05-14 11:44:26.198', '2020-05-14 11:44:26.198', '0', null, '');
INSERT INTO `act_hi_actinst` VALUES ('10008', 'myProcess_1:1:4', '10001', '10006', '_3', '10009', null, '', 'userTask', '18838030468', '2020-05-14 11:44:26.200', '2020-05-14 11:46:14.563', '108363', null, '');
INSERT INTO `act_hi_actinst` VALUES ('10012', 'myProcess_1:1:4', '10001', '10006', '_4', '10013', null, '', 'userTask', '13788594732', '2020-05-14 11:46:14.563', '2020-05-14 14:14:19.072', '8884509', null, '');
INSERT INTO `act_hi_actinst` VALUES ('12507', 'myProcess_1:1:4', '12501', '12506', '_2', null, null, '', 'startEvent', null, '2020-05-14 11:48:23.848', '2020-05-14 11:48:23.849', '1', null, '');
INSERT INTO `act_hi_actinst` VALUES ('12508', 'myProcess_1:1:4', '12501', '12506', '_3', '12509', null, '', 'userTask', '18838030468', '2020-05-14 11:48:23.850', '2020-05-14 11:49:35.762', '71912', null, '');
INSERT INTO `act_hi_actinst` VALUES ('12512', 'myProcess_1:1:4', '12501', '12506', '_4', '12513', null, '', 'userTask', null, '2020-05-14 11:49:35.762', null, null, null, '');
INSERT INTO `act_hi_actinst` VALUES ('15007', 'myProcess_1:1:4', '15001', '15006', '_2', null, null, '', 'startEvent', null, '2020-05-14 12:00:15.553', '2020-05-14 12:00:15.554', '1', null, '');
INSERT INTO `act_hi_actinst` VALUES ('15008', 'myProcess_1:1:4', '15001', '15006', '_3', '15009', null, '', 'userTask', '18838030468', '2020-05-14 12:00:15.556', '2020-05-14 12:01:41.193', '85637', null, '');
INSERT INTO `act_hi_actinst` VALUES ('17501', 'myProcess_1:1:4', '15001', '15006', '_4', '17502', null, '', 'userTask', '13788594732', '2020-05-14 12:01:41.281', null, null, null, '');
INSERT INTO `act_hi_actinst` VALUES ('17513', 'myProcess_1:1:4', '17507', '17512', '_2', null, null, '', 'startEvent', null, '2020-05-14 12:03:05.410', '2020-05-14 12:03:05.410', '0', null, '');
INSERT INTO `act_hi_actinst` VALUES ('17514', 'myProcess_1:1:4', '17507', '17512', '_3', '17515', null, '', 'userTask', '18838030468', '2020-05-14 12:03:05.410', '2020-05-14 12:04:06.896', '61486', null, '');
INSERT INTO `act_hi_actinst` VALUES ('17518', 'myProcess_1:1:4', '17507', '17512', '_4', '17519', null, '', 'userTask', '13788594732', '2020-05-14 12:04:06.897', '2020-05-14 12:09:36.445', '329548', null, '');
INSERT INTO `act_hi_actinst` VALUES ('20001', 'myProcess_1:1:4', '17507', '17512', '_5', '20002', null, '', 'userTask', '14356474563', '2020-05-14 12:09:36.462', '2020-05-14 13:31:50.710', '4934248', null, '');
INSERT INTO `act_hi_actinst` VALUES ('22501', 'myProcess_1:1:4', '17507', '17512', '_6', '22502', null, '', 'userTask', '16574567343', '2020-05-14 13:31:50.727', '2020-05-14 13:33:13.764', '83037', null, '');
INSERT INTO `act_hi_actinst` VALUES ('22506', 'myProcess_1:1:4', '17507', '17512', '_7', null, null, 'EndEvent', 'endEvent', null, '2020-05-14 13:33:13.764', '2020-05-14 13:33:13.765', '1', null, '');
INSERT INTO `act_hi_actinst` VALUES ('25001', 'myProcess_1:1:4', '10001', '10006', '_5', '25002', null, '', 'userTask', '14356474563', '2020-05-14 14:14:19.089', '2020-05-14 14:16:07.984', '108895', null, '');
INSERT INTO `act_hi_actinst` VALUES ('25005', 'myProcess_1:1:4', '10001', '10006', '_6', '25006', null, '', 'userTask', '16574567343', '2020-05-14 14:16:07.985', '2020-05-14 14:16:49.853', '41868', null, '');
INSERT INTO `act_hi_actinst` VALUES ('25009', 'myProcess_1:1:4', '10001', '10006', '_5', '25010', null, '', 'userTask', '14356474563', '2020-05-14 14:16:49.853', '2020-05-14 14:17:54.656', '64803', null, '');
INSERT INTO `act_hi_actinst` VALUES ('25012', 'myProcess_1:1:4', '10001', '10006', '_6', '25013', null, '', 'userTask', '16574567343', '2020-05-14 14:17:54.656', '2020-05-14 14:18:36.440', '41784', null, '');
INSERT INTO `act_hi_actinst` VALUES ('25015', 'myProcess_1:1:4', '10001', '10006', '_7', null, null, 'EndEvent', 'endEvent', null, '2020-05-14 14:18:36.440', '2020-05-14 14:18:36.440', '0', null, '');
INSERT INTO `act_hi_actinst` VALUES ('2507', 'myProcess_1:1:4', '2501', '2506', '_2', null, null, '', 'startEvent', null, '2020-05-14 10:35:41.469', '2020-05-14 10:35:41.470', '1', null, '');
INSERT INTO `act_hi_actinst` VALUES ('2508', 'myProcess_1:1:4', '2501', '2506', '_3', '2509', null, '', 'userTask', '18838030468', '2020-05-14 10:35:41.472', '2020-05-14 11:25:41.769', '3000297', null, '');
INSERT INTO `act_hi_actinst` VALUES ('5007', 'myProcess_1:1:4', '5001', '5006', '_2', null, null, '', 'startEvent', null, '2020-05-14 11:11:57.157', '2020-05-14 11:11:57.159', '2', null, '');
INSERT INTO `act_hi_actinst` VALUES ('5008', 'myProcess_1:1:4', '5001', '5006', '_3', '5009', null, '', 'userTask', '18838030468', '2020-05-14 11:11:57.160', '2020-05-14 11:14:00.423', '123263', null, '');
INSERT INTO `act_hi_actinst` VALUES ('5012', 'myProcess_1:1:4', '5001', '5006', '_4', '5013', null, '', 'userTask', '13645756477', '2020-05-14 11:14:00.424', '2020-05-14 11:27:36.648', '816224', null, '');
INSERT INTO `act_hi_actinst` VALUES ('7502', 'myProcess_1:1:4', '2501', '2506', '_4', '7503', null, '', 'userTask', '13788594732', '2020-05-14 11:25:41.774', '2020-05-14 11:27:55.026', '133252', null, '');
INSERT INTO `act_hi_actinst` VALUES ('7508', 'myProcess_1:1:4', '5001', '5006', '_5', '7509', null, '', 'userTask', '14356474563', '2020-05-14 11:27:36.648', '2020-05-14 11:29:32.155', '115507', null, '');
INSERT INTO `act_hi_actinst` VALUES ('7512', 'myProcess_1:1:4', '2501', '2506', '_5', '7513', null, '', 'userTask', '14356474563', '2020-05-14 11:27:55.026', '2020-05-14 11:29:35.805', '100779', null, '');
INSERT INTO `act_hi_actinst` VALUES ('7517', 'myProcess_1:1:4', '5001', '5006', '_6', '7518', null, '', 'userTask', '16574567343', '2020-05-14 11:29:32.155', '2020-05-14 11:30:13.010', '40855', null, '');
INSERT INTO `act_hi_actinst` VALUES ('7521', 'myProcess_1:1:4', '2501', '2506', '_6', '7522', null, '', 'userTask', '16574567343', '2020-05-14 11:29:35.805', '2020-05-14 11:31:13.434', '97629', null, '');
INSERT INTO `act_hi_actinst` VALUES ('7525', 'myProcess_1:1:4', '5001', '5006', '_5', '7526', null, '', 'userTask', '14356474563', '2020-05-14 11:30:13.010', '2020-05-14 11:30:45.163', '32153', null, '');
INSERT INTO `act_hi_actinst` VALUES ('7528', 'myProcess_1:1:4', '5001', '5006', '_6', '7529', null, '', 'userTask', '16574567343', '2020-05-14 11:30:45.163', '2020-05-14 11:31:16.796', '31633', null, '');
INSERT INTO `act_hi_actinst` VALUES ('7531', 'myProcess_1:1:4', '2501', '2506', '_7', null, null, 'EndEvent', 'endEvent', null, '2020-05-14 11:31:13.434', '2020-05-14 11:31:13.434', '0', null, '');
INSERT INTO `act_hi_actinst` VALUES ('7532', 'myProcess_1:1:4', '5001', '5006', '_7', null, null, 'EndEvent', 'endEvent', null, '2020-05-14 11:31:16.796', '2020-05-14 11:31:16.796', '0', null, '');

-- ----------------------------
-- Table structure for act_hi_attachment
-- ----------------------------
DROP TABLE IF EXISTS `act_hi_attachment`;
CREATE TABLE `act_hi_attachment` (
  `ID_` varchar(64) COLLATE utf8_bin NOT NULL,
  `REV_` int(11) DEFAULT NULL,
  `USER_ID_` varchar(255) COLLATE utf8_bin DEFAULT NULL,
  `NAME_` varchar(255) COLLATE utf8_bin DEFAULT NULL,
  `DESCRIPTION_` varchar(4000) COLLATE utf8_bin DEFAULT NULL,
  `TYPE_` varchar(255) COLLATE utf8_bin DEFAULT NULL,
  `TASK_ID_` varchar(64) COLLATE utf8_bin DEFAULT NULL,
  `PROC_INST_ID_` varchar(64) COLLATE utf8_bin DEFAULT NULL,
  `URL_` varchar(4000) COLLATE utf8_bin DEFAULT NULL,
  `CONTENT_ID_` varchar(64) COLLATE utf8_bin DEFAULT NULL,
  `TIME_` datetime(3) DEFAULT NULL,
  PRIMARY KEY (`ID_`)
) ENGINE=InnoDB DEFAULT CHARSET=utf8 COLLATE=utf8_bin;

-- ----------------------------
-- Records of act_hi_attachment
-- ----------------------------

-- ----------------------------
-- Table structure for act_hi_comment
-- ----------------------------
DROP TABLE IF EXISTS `act_hi_comment`;
CREATE TABLE `act_hi_comment` (
  `ID_` varchar(64) COLLATE utf8_bin NOT NULL,
  `TYPE_` varchar(255) COLLATE utf8_bin DEFAULT NULL,
  `TIME_` datetime(3) NOT NULL,
  `USER_ID_` varchar(255) COLLATE utf8_bin DEFAULT NULL,
  `TASK_ID_` varchar(64) COLLATE utf8_bin DEFAULT NULL,
  `PROC_INST_ID_` varchar(64) COLLATE utf8_bin DEFAULT NULL,
  `ACTION_` varchar(255) COLLATE utf8_bin DEFAULT NULL,
  `MESSAGE_` varchar(4000) COLLATE utf8_bin DEFAULT NULL,
  `FULL_MSG_` longblob,
  PRIMARY KEY (`ID_`)
) ENGINE=InnoDB DEFAULT CHARSET=utf8 COLLATE=utf8_bin;

-- ----------------------------
-- Records of act_hi_comment
-- ----------------------------
INSERT INTO `act_hi_comment` VALUES ('22505', 'event', '2020-05-14 13:32:48.679', null, '22502', null, 'AddUserLink', 'null_|_assignee', null);
INSERT INTO `act_hi_comment` VALUES ('7501', 'event', '2020-05-14 11:24:51.564', null, '2509', null, 'AddUserLink', 'null_|_assignee', null);
INSERT INTO `act_hi_comment` VALUES ('7516', 'event', '2020-05-14 11:29:03.452', null, '7509', null, 'AddUserLink', 'null_|_assignee', null);

-- ----------------------------
-- Table structure for act_hi_detail
-- ----------------------------
DROP TABLE IF EXISTS `act_hi_detail`;
CREATE TABLE `act_hi_detail` (
  `ID_` varchar(64) COLLATE utf8_bin NOT NULL,
  `TYPE_` varchar(255) COLLATE utf8_bin NOT NULL,
  `PROC_INST_ID_` varchar(64) COLLATE utf8_bin DEFAULT NULL,
  `EXECUTION_ID_` varchar(64) COLLATE utf8_bin DEFAULT NULL,
  `TASK_ID_` varchar(64) COLLATE utf8_bin DEFAULT NULL,
  `ACT_INST_ID_` varchar(64) COLLATE utf8_bin DEFAULT NULL,
  `NAME_` varchar(255) COLLATE utf8_bin NOT NULL,
  `VAR_TYPE_` varchar(255) COLLATE utf8_bin DEFAULT NULL,
  `REV_` int(11) DEFAULT NULL,
  `TIME_` datetime(3) NOT NULL,
  `BYTEARRAY_ID_` varchar(64) COLLATE utf8_bin DEFAULT NULL,
  `DOUBLE_` double DEFAULT NULL,
  `LONG_` bigint(20) DEFAULT NULL,
  `TEXT_` varchar(4000) COLLATE utf8_bin DEFAULT NULL,
  `TEXT2_` varchar(4000) COLLATE utf8_bin DEFAULT NULL,
  PRIMARY KEY (`ID_`),
  KEY `ACT_IDX_HI_DETAIL_PROC_INST` (`PROC_INST_ID_`),
  KEY `ACT_IDX_HI_DETAIL_ACT_INST` (`ACT_INST_ID_`),
  KEY `ACT_IDX_HI_DETAIL_TIME` (`TIME_`),
  KEY `ACT_IDX_HI_DETAIL_NAME` (`NAME_`),
  KEY `ACT_IDX_HI_DETAIL_TASK_ID` (`TASK_ID_`)
) ENGINE=InnoDB DEFAULT CHARSET=utf8 COLLATE=utf8_bin;

-- ----------------------------
-- Records of act_hi_detail
-- ----------------------------

-- ----------------------------
-- Table structure for act_hi_identitylink
-- ----------------------------
DROP TABLE IF EXISTS `act_hi_identitylink`;
CREATE TABLE `act_hi_identitylink` (
  `ID_` varchar(64) COLLATE utf8_bin NOT NULL,
  `GROUP_ID_` varchar(255) COLLATE utf8_bin DEFAULT NULL,
  `TYPE_` varchar(255) COLLATE utf8_bin DEFAULT NULL,
  `USER_ID_` varchar(255) COLLATE utf8_bin DEFAULT NULL,
  `TASK_ID_` varchar(64) COLLATE utf8_bin DEFAULT NULL,
  `PROC_INST_ID_` varchar(64) COLLATE utf8_bin DEFAULT NULL,
  PRIMARY KEY (`ID_`),
  KEY `ACT_IDX_HI_IDENT_LNK_USER` (`USER_ID_`),
  KEY `ACT_IDX_HI_IDENT_LNK_TASK` (`TASK_ID_`),
  KEY `ACT_IDX_HI_IDENT_LNK_PROCINST` (`PROC_INST_ID_`)
) ENGINE=InnoDB DEFAULT CHARSET=utf8 COLLATE=utf8_bin;

-- ----------------------------
-- Records of act_hi_identitylink
-- ----------------------------
INSERT INTO `act_hi_identitylink` VALUES ('10010', null, 'candidate', '18838030468', '10009', null);
INSERT INTO `act_hi_identitylink` VALUES ('10011', null, 'participant', '18838030468', null, '10001');
INSERT INTO `act_hi_identitylink` VALUES ('10014', null, 'candidate', '13788594732', '10013', null);
INSERT INTO `act_hi_identitylink` VALUES ('10015', null, 'participant', '13788594732', null, '10001');
INSERT INTO `act_hi_identitylink` VALUES ('10016', null, 'candidate', '13645756477', '10013', null);
INSERT INTO `act_hi_identitylink` VALUES ('10017', null, 'participant', '13645756477', null, '10001');
INSERT INTO `act_hi_identitylink` VALUES ('12510', null, 'candidate', '18838030468', '12509', null);
INSERT INTO `act_hi_identitylink` VALUES ('12511', null, 'participant', '18838030468', null, '12501');
INSERT INTO `act_hi_identitylink` VALUES ('12514', null, 'candidate', '13788594732', '12513', null);
INSERT INTO `act_hi_identitylink` VALUES ('12515', null, 'participant', '13788594732', null, '12501');
INSERT INTO `act_hi_identitylink` VALUES ('12516', null, 'candidate', '13645756477', '12513', null);
INSERT INTO `act_hi_identitylink` VALUES ('12517', null, 'participant', '13645756477', null, '12501');
INSERT INTO `act_hi_identitylink` VALUES ('15010', null, 'candidate', '18838030468', '15009', null);
INSERT INTO `act_hi_identitylink` VALUES ('15011', null, 'participant', '18838030468', null, '15001');
INSERT INTO `act_hi_identitylink` VALUES ('17503', null, 'candidate', '13788594732', '17502', null);
INSERT INTO `act_hi_identitylink` VALUES ('17504', null, 'participant', '13788594732', null, '15001');
INSERT INTO `act_hi_identitylink` VALUES ('17505', null, 'candidate', '13645756477', '17502', null);
INSERT INTO `act_hi_identitylink` VALUES ('17506', null, 'participant', '13645756477', null, '15001');
INSERT INTO `act_hi_identitylink` VALUES ('17516', null, 'candidate', '18838030468', '17515', null);
INSERT INTO `act_hi_identitylink` VALUES ('17517', null, 'participant', '18838030468', null, '17507');
INSERT INTO `act_hi_identitylink` VALUES ('17520', null, 'candidate', '13788594732', '17519', null);
INSERT INTO `act_hi_identitylink` VALUES ('17521', null, 'participant', '13788594732', null, '17507');
INSERT INTO `act_hi_identitylink` VALUES ('17522', null, 'candidate', '13645756477', '17519', null);
INSERT INTO `act_hi_identitylink` VALUES ('17523', null, 'participant', '13645756477', null, '17507');
INSERT INTO `act_hi_identitylink` VALUES ('20003', null, 'candidate', '14356474563', '20002', null);
INSERT INTO `act_hi_identitylink` VALUES ('20004', null, 'participant', '14356474563', null, '17507');
INSERT INTO `act_hi_identitylink` VALUES ('22503', null, 'candidate', '16574567343', '22502', null);
INSERT INTO `act_hi_identitylink` VALUES ('22504', null, 'participant', '16574567343', null, '17507');
INSERT INTO `act_hi_identitylink` VALUES ('25003', null, 'candidate', '14356474563', '25002', null);
INSERT INTO `act_hi_identitylink` VALUES ('25004', null, 'participant', '14356474563', null, '10001');
INSERT INTO `act_hi_identitylink` VALUES ('25007', null, 'candidate', '16574567343', '25006', null);
INSERT INTO `act_hi_identitylink` VALUES ('25008', null, 'participant', '16574567343', null, '10001');
INSERT INTO `act_hi_identitylink` VALUES ('25011', null, 'candidate', '14356474563', '25010', null);
INSERT INTO `act_hi_identitylink` VALUES ('25014', null, 'candidate', '16574567343', '25013', null);
INSERT INTO `act_hi_identitylink` VALUES ('2510', null, 'candidate', '18838030468', '2509', null);
INSERT INTO `act_hi_identitylink` VALUES ('2511', null, 'participant', '18838030468', null, '2501');
INSERT INTO `act_hi_identitylink` VALUES ('5010', null, 'candidate', '18838030468', '5009', null);
INSERT INTO `act_hi_identitylink` VALUES ('5011', null, 'participant', '18838030468', null, '5001');
INSERT INTO `act_hi_identitylink` VALUES ('5014', null, 'candidate', '13788594732', '5013', null);
INSERT INTO `act_hi_identitylink` VALUES ('5015', null, 'participant', '13788594732', null, '5001');
INSERT INTO `act_hi_identitylink` VALUES ('5016', null, 'candidate', '13645756477', '5013', null);
INSERT INTO `act_hi_identitylink` VALUES ('5017', null, 'participant', '13645756477', null, '5001');
INSERT INTO `act_hi_identitylink` VALUES ('7504', null, 'candidate', '13788594732', '7503', null);
INSERT INTO `act_hi_identitylink` VALUES ('7505', null, 'participant', '13788594732', null, '2501');
INSERT INTO `act_hi_identitylink` VALUES ('7506', null, 'candidate', '13645756477', '7503', null);
INSERT INTO `act_hi_identitylink` VALUES ('7507', null, 'participant', '13645756477', null, '2501');
INSERT INTO `act_hi_identitylink` VALUES ('7510', null, 'candidate', '14356474563', '7509', null);
INSERT INTO `act_hi_identitylink` VALUES ('7511', null, 'participant', '14356474563', null, '5001');
INSERT INTO `act_hi_identitylink` VALUES ('7514', null, 'candidate', '14356474563', '7513', null);
INSERT INTO `act_hi_identitylink` VALUES ('7515', null, 'participant', '14356474563', null, '2501');
INSERT INTO `act_hi_identitylink` VALUES ('7519', null, 'candidate', '16574567343', '7518', null);
INSERT INTO `act_hi_identitylink` VALUES ('7520', null, 'participant', '16574567343', null, '5001');
INSERT INTO `act_hi_identitylink` VALUES ('7523', null, 'candidate', '16574567343', '7522', null);
INSERT INTO `act_hi_identitylink` VALUES ('7524', null, 'participant', '16574567343', null, '2501');
INSERT INTO `act_hi_identitylink` VALUES ('7527', null, 'candidate', '14356474563', '7526', null);
INSERT INTO `act_hi_identitylink` VALUES ('7530', null, 'candidate', '16574567343', '7529', null);

-- ----------------------------
-- Table structure for act_hi_procinst
-- ----------------------------
DROP TABLE IF EXISTS `act_hi_procinst`;
CREATE TABLE `act_hi_procinst` (
  `ID_` varchar(64) COLLATE utf8_bin NOT NULL,
  `PROC_INST_ID_` varchar(64) COLLATE utf8_bin NOT NULL,
  `BUSINESS_KEY_` varchar(255) COLLATE utf8_bin DEFAULT NULL,
  `PROC_DEF_ID_` varchar(64) COLLATE utf8_bin NOT NULL,
  `START_TIME_` datetime(3) NOT NULL,
  `END_TIME_` datetime(3) DEFAULT NULL,
  `DURATION_` bigint(20) DEFAULT NULL,
  `START_USER_ID_` varchar(255) COLLATE utf8_bin DEFAULT NULL,
  `START_ACT_ID_` varchar(255) COLLATE utf8_bin DEFAULT NULL,
  `END_ACT_ID_` varchar(255) COLLATE utf8_bin DEFAULT NULL,
  `SUPER_PROCESS_INSTANCE_ID_` varchar(64) COLLATE utf8_bin DEFAULT NULL,
  `DELETE_REASON_` varchar(4000) COLLATE utf8_bin DEFAULT NULL,
  `TENANT_ID_` varchar(255) COLLATE utf8_bin DEFAULT '',
  `NAME_` varchar(255) COLLATE utf8_bin DEFAULT NULL,
  PRIMARY KEY (`ID_`),
  UNIQUE KEY `PROC_INST_ID_` (`PROC_INST_ID_`),
  KEY `ACT_IDX_HI_PRO_INST_END` (`END_TIME_`),
  KEY `ACT_IDX_HI_PRO_I_BUSKEY` (`BUSINESS_KEY_`)
) ENGINE=InnoDB DEFAULT CHARSET=utf8 COLLATE=utf8_bin;

-- ----------------------------
-- Records of act_hi_procinst
-- ----------------------------
INSERT INTO `act_hi_procinst` VALUES ('10001', '10001', 'ecde6d14ffe748858fd0bd3550ff7652', 'myProcess_1:1:4', '2020-05-14 11:44:26.182', '2020-05-14 14:18:36.457', '9250275', null, '_2', '_7', null, null, '', null);
INSERT INTO `act_hi_procinst` VALUES ('12501', '12501', '5bd7f238b1d64872bd215a31b65f94a3', 'myProcess_1:1:4', '2020-05-14 11:48:23.832', null, null, null, '_2', null, null, null, '', null);
INSERT INTO `act_hi_procinst` VALUES ('15001', '15001', 'c3264fafdb734f29949e429f09e54a19', 'myProcess_1:1:4', '2020-05-14 12:00:15.538', null, null, null, '_2', null, null, null, '', null);
INSERT INTO `act_hi_procinst` VALUES ('17507', '17507', 'cfa54f270ee74b3996c34ddfa92e45a2', 'myProcess_1:1:4', '2020-05-14 12:03:05.406', '2020-05-14 13:33:13.815', '5408409', null, '_2', '_7', null, null, '', null);
INSERT INTO `act_hi_procinst` VALUES ('2501', '2501', '73d5bd1fd7d342d993d4bae7ddf7463f', 'myProcess_1:1:4', '2020-05-14 10:35:41.454', '2020-05-14 11:31:13.471', '3332017', null, '_2', '_7', null, null, '', null);
INSERT INTO `act_hi_procinst` VALUES ('5001', '5001', '371d2839a8e5410eb2d0ec00664022c5', 'myProcess_1:1:4', '2020-05-14 11:11:57.134', '2020-05-14 11:31:16.806', '1159672', null, '_2', '_7', null, null, '', null);

-- ----------------------------
-- Table structure for act_hi_taskinst
-- ----------------------------
DROP TABLE IF EXISTS `act_hi_taskinst`;
CREATE TABLE `act_hi_taskinst` (
  `ID_` varchar(64) COLLATE utf8_bin NOT NULL,
  `PROC_DEF_ID_` varchar(64) COLLATE utf8_bin DEFAULT NULL,
  `TASK_DEF_KEY_` varchar(255) COLLATE utf8_bin DEFAULT NULL,
  `PROC_INST_ID_` varchar(64) COLLATE utf8_bin DEFAULT NULL,
  `EXECUTION_ID_` varchar(64) COLLATE utf8_bin DEFAULT NULL,
  `NAME_` varchar(255) COLLATE utf8_bin DEFAULT NULL,
  `PARENT_TASK_ID_` varchar(64) COLLATE utf8_bin DEFAULT NULL,
  `DESCRIPTION_` varchar(4000) COLLATE utf8_bin DEFAULT NULL,
  `OWNER_` varchar(255) COLLATE utf8_bin DEFAULT NULL,
  `ASSIGNEE_` varchar(255) COLLATE utf8_bin DEFAULT NULL,
  `START_TIME_` datetime(3) NOT NULL,
  `CLAIM_TIME_` datetime(3) DEFAULT NULL,
  `END_TIME_` datetime(3) DEFAULT NULL,
  `DURATION_` bigint(20) DEFAULT NULL,
  `DELETE_REASON_` varchar(4000) COLLATE utf8_bin DEFAULT NULL,
  `PRIORITY_` int(11) DEFAULT NULL,
  `DUE_DATE_` datetime(3) DEFAULT NULL,
  `FORM_KEY_` varchar(255) COLLATE utf8_bin DEFAULT NULL,
  `CATEGORY_` varchar(255) COLLATE utf8_bin DEFAULT NULL,
  `TENANT_ID_` varchar(255) COLLATE utf8_bin DEFAULT '',
  PRIMARY KEY (`ID_`),
  KEY `ACT_IDX_HI_TASK_INST_PROCINST` (`PROC_INST_ID_`)
) ENGINE=InnoDB DEFAULT CHARSET=utf8 COLLATE=utf8_bin;

-- ----------------------------
-- Records of act_hi_taskinst
-- ----------------------------
INSERT INTO `act_hi_taskinst` VALUES ('10009', 'myProcess_1:1:4', '_3', '10001', '10006', '', null, null, null, '18838030468', '2020-05-14 11:44:26.211', '2020-05-14 11:44:45.480', '2020-05-14 11:46:14.559', '108348', null, '50', null, null, null, '');
INSERT INTO `act_hi_taskinst` VALUES ('10013', 'myProcess_1:1:4', '_4', '10001', '10006', '', null, null, null, '13788594732', '2020-05-14 11:46:14.564', '2020-05-14 11:47:02.502', '2020-05-14 14:14:19.055', '8884491', null, '50', null, null, null, '');
INSERT INTO `act_hi_taskinst` VALUES ('12509', 'myProcess_1:1:4', '_3', '12501', '12506', '', null, null, null, '18838030468', '2020-05-14 11:48:23.862', '2020-05-14 11:48:46.484', '2020-05-14 11:49:35.758', '71896', null, '50', null, null, null, '');
INSERT INTO `act_hi_taskinst` VALUES ('12513', 'myProcess_1:1:4', '_4', '12501', '12506', '', null, null, null, null, '2020-05-14 11:49:35.762', null, null, null, null, '50', null, null, null, '');
INSERT INTO `act_hi_taskinst` VALUES ('15009', 'myProcess_1:1:4', '_3', '15001', '15006', '', null, null, null, '18838030468', '2020-05-14 12:00:15.567', '2020-05-14 12:01:04.334', '2020-05-14 12:01:41.134', '85567', null, '50', null, null, null, '');
INSERT INTO `act_hi_taskinst` VALUES ('17502', 'myProcess_1:1:4', '_4', '15001', '15006', '', null, null, null, '13788594732', '2020-05-14 12:01:41.384', '2020-05-14 15:05:42.025', null, null, null, '50', null, null, null, '');
INSERT INTO `act_hi_taskinst` VALUES ('17515', 'myProcess_1:1:4', '_3', '17507', '17512', '', null, null, null, '18838030468', '2020-05-14 12:03:05.411', '2020-05-14 12:03:24.821', '2020-05-14 12:04:06.825', '61414', null, '50', null, null, null, '');
INSERT INTO `act_hi_taskinst` VALUES ('17519', 'myProcess_1:1:4', '_4', '17507', '17512', '', null, null, null, '13788594732', '2020-05-14 12:04:06.900', '2020-05-14 12:09:29.748', '2020-05-14 12:09:36.439', '329539', null, '50', null, null, null, '');
INSERT INTO `act_hi_taskinst` VALUES ('20002', 'myProcess_1:1:4', '_5', '17507', '17512', '', null, null, null, '14356474563', '2020-05-14 12:09:36.477', '2020-05-14 13:31:46.040', '2020-05-14 13:31:50.704', '4934227', null, '50', null, null, null, '');
INSERT INTO `act_hi_taskinst` VALUES ('22502', 'myProcess_1:1:4', '_6', '17507', '17512', '', null, null, null, '16574567343', '2020-05-14 13:31:50.743', '2020-05-14 13:32:53.986', '2020-05-14 13:33:13.762', '83019', null, '50', null, null, null, '');
INSERT INTO `act_hi_taskinst` VALUES ('25002', 'myProcess_1:1:4', '_5', '10001', '10006', '', null, null, null, '14356474563', '2020-05-14 14:14:19.102', '2020-05-14 14:15:11.975', '2020-05-14 14:16:07.982', '108880', null, '50', null, null, null, '');
INSERT INTO `act_hi_taskinst` VALUES ('25006', 'myProcess_1:1:4', '_6', '10001', '10006', '', null, null, null, '16574567343', '2020-05-14 14:16:07.985', '2020-05-14 14:16:36.698', '2020-05-14 14:16:49.851', '41866', null, '50', null, null, null, '');
INSERT INTO `act_hi_taskinst` VALUES ('25010', 'myProcess_1:1:4', '_5', '10001', '10006', '', null, null, null, '14356474563', '2020-05-14 14:16:49.853', '2020-05-14 14:17:49.687', '2020-05-14 14:17:54.651', '64798', null, '50', null, null, null, '');
INSERT INTO `act_hi_taskinst` VALUES ('25013', 'myProcess_1:1:4', '_6', '10001', '10006', '', null, null, null, '16574567343', '2020-05-14 14:17:54.656', '2020-05-14 14:18:23.410', '2020-05-14 14:18:36.434', '41778', null, '50', null, null, null, '');
INSERT INTO `act_hi_taskinst` VALUES ('2509', 'myProcess_1:1:4', '_3', '2501', '2506', '', null, null, null, '18838030468', '2020-05-14 10:35:41.483', '2020-05-14 11:25:36.473', '2020-05-14 11:25:41.764', '3000281', null, '50', null, null, null, '');
INSERT INTO `act_hi_taskinst` VALUES ('5009', 'myProcess_1:1:4', '_3', '5001', '5006', '', null, null, null, '18838030468', '2020-05-14 11:11:57.171', '2020-05-14 11:12:59.319', '2020-05-14 11:14:00.419', '123248', null, '50', null, null, null, '');
INSERT INTO `act_hi_taskinst` VALUES ('5013', 'myProcess_1:1:4', '_4', '5001', '5006', '', null, null, null, '13645756477', '2020-05-14 11:14:00.424', '2020-05-14 11:26:55.042', '2020-05-14 11:27:36.646', '816222', null, '50', null, null, null, '');
INSERT INTO `act_hi_taskinst` VALUES ('7503', 'myProcess_1:1:4', '_4', '2501', '2506', '', null, null, null, '13788594732', '2020-05-14 11:25:41.799', '2020-05-14 11:26:25.303', '2020-05-14 11:27:55.024', '133225', null, '50', null, null, null, '');
INSERT INTO `act_hi_taskinst` VALUES ('7509', 'myProcess_1:1:4', '_5', '5001', '5006', '', null, null, null, '14356474563', '2020-05-14 11:27:36.649', '2020-05-14 11:29:12.546', '2020-05-14 11:29:32.153', '115504', null, '50', null, null, null, '');
INSERT INTO `act_hi_taskinst` VALUES ('7513', 'myProcess_1:1:4', '_5', '2501', '2506', '', null, null, null, '14356474563', '2020-05-14 11:27:55.026', '2020-05-14 11:29:09.405', '2020-05-14 11:29:35.804', '100778', null, '50', null, null, null, '');
INSERT INTO `act_hi_taskinst` VALUES ('7518', 'myProcess_1:1:4', '_6', '5001', '5006', '', null, null, null, '16574567343', '2020-05-14 11:29:32.156', '2020-05-14 11:30:02.074', '2020-05-14 11:30:13.009', '40853', null, '50', null, null, null, '');
INSERT INTO `act_hi_taskinst` VALUES ('7522', 'myProcess_1:1:4', '_6', '2501', '2506', '', null, null, null, '16574567343', '2020-05-14 11:29:35.806', '2020-05-14 11:29:59.074', '2020-05-14 11:31:13.431', '97625', null, '50', null, null, null, '');
INSERT INTO `act_hi_taskinst` VALUES ('7526', 'myProcess_1:1:4', '_5', '5001', '5006', '', null, null, null, '14356474563', '2020-05-14 11:30:13.010', '2020-05-14 11:30:40.004', '2020-05-14 11:30:45.158', '32148', null, '50', null, null, null, '');
INSERT INTO `act_hi_taskinst` VALUES ('7529', 'myProcess_1:1:4', '_6', '5001', '5006', '', null, null, null, '16574567343', '2020-05-14 11:30:45.163', '2020-05-14 11:31:03.690', '2020-05-14 11:31:16.795', '31632', null, '50', null, null, null, '');

-- ----------------------------
-- Table structure for act_hi_varinst
-- ----------------------------
DROP TABLE IF EXISTS `act_hi_varinst`;
CREATE TABLE `act_hi_varinst` (
  `ID_` varchar(64) COLLATE utf8_bin NOT NULL,
  `PROC_INST_ID_` varchar(64) COLLATE utf8_bin DEFAULT NULL,
  `EXECUTION_ID_` varchar(64) COLLATE utf8_bin DEFAULT NULL,
  `TASK_ID_` varchar(64) COLLATE utf8_bin DEFAULT NULL,
  `NAME_` varchar(255) COLLATE utf8_bin NOT NULL,
  `VAR_TYPE_` varchar(100) COLLATE utf8_bin DEFAULT NULL,
  `REV_` int(11) DEFAULT NULL,
  `BYTEARRAY_ID_` varchar(64) COLLATE utf8_bin DEFAULT NULL,
  `DOUBLE_` double DEFAULT NULL,
  `LONG_` bigint(20) DEFAULT NULL,
  `TEXT_` varchar(4000) COLLATE utf8_bin DEFAULT NULL,
  `TEXT2_` varchar(4000) COLLATE utf8_bin DEFAULT NULL,
  `CREATE_TIME_` datetime(3) DEFAULT NULL,
  `LAST_UPDATED_TIME_` datetime(3) DEFAULT NULL,
  PRIMARY KEY (`ID_`),
  KEY `ACT_IDX_HI_PROCVAR_PROC_INST` (`PROC_INST_ID_`),
  KEY `ACT_IDX_HI_PROCVAR_NAME_TYPE` (`NAME_`,`VAR_TYPE_`),
  KEY `ACT_IDX_HI_PROCVAR_TASK_ID` (`TASK_ID_`)
) ENGINE=InnoDB DEFAULT CHARSET=utf8 COLLATE=utf8_bin;

-- ----------------------------
-- Records of act_hi_varinst
-- ----------------------------
INSERT INTO `act_hi_varinst` VALUES ('10002', '10001', '10001', null, 'group4', 'string', '0', null, null, null, '16574567343', null, '2020-05-14 11:44:26.195', '2020-05-14 11:44:26.195');
INSERT INTO `act_hi_varinst` VALUES ('10003', '10001', '10001', null, 'group3', 'string', '0', null, null, null, '14356474563', null, '2020-05-14 11:44:26.196', '2020-05-14 11:44:26.196');
INSERT INTO `act_hi_varinst` VALUES ('10004', '10001', '10001', null, 'group2', 'string', '0', null, null, null, '13788594732,13645756477', null, '2020-05-14 11:44:26.196', '2020-05-14 11:44:26.196');
INSERT INTO `act_hi_varinst` VALUES ('10005', '10001', '10001', null, 'group1', 'string', '0', null, null, null, '18838030468', null, '2020-05-14 11:44:26.196', '2020-05-14 11:44:26.196');
INSERT INTO `act_hi_varinst` VALUES ('12502', '12501', '12501', null, 'group4', 'string', '0', null, null, null, '16574567343', null, '2020-05-14 11:48:23.845', '2020-05-14 11:48:23.845');
INSERT INTO `act_hi_varinst` VALUES ('12503', '12501', '12501', null, 'group3', 'string', '0', null, null, null, '14356474563', null, '2020-05-14 11:48:23.845', '2020-05-14 11:48:23.845');
INSERT INTO `act_hi_varinst` VALUES ('12504', '12501', '12501', null, 'group2', 'string', '0', null, null, null, '13788594732,13645756477', null, '2020-05-14 11:48:23.845', '2020-05-14 11:48:23.845');
INSERT INTO `act_hi_varinst` VALUES ('12505', '12501', '12501', null, 'group1', 'string', '0', null, null, null, '18838030468', null, '2020-05-14 11:48:23.845', '2020-05-14 11:48:23.845');
INSERT INTO `act_hi_varinst` VALUES ('15002', '15001', '15001', null, 'group4', 'string', '0', null, null, null, '16574567343', null, '2020-05-14 12:00:15.550', '2020-05-14 12:00:15.550');
INSERT INTO `act_hi_varinst` VALUES ('15003', '15001', '15001', null, 'group3', 'string', '0', null, null, null, '14356474563', null, '2020-05-14 12:00:15.550', '2020-05-14 12:00:15.550');
INSERT INTO `act_hi_varinst` VALUES ('15004', '15001', '15001', null, 'group2', 'string', '0', null, null, null, '13788594732,13645756477', null, '2020-05-14 12:00:15.551', '2020-05-14 12:00:15.551');
INSERT INTO `act_hi_varinst` VALUES ('15005', '15001', '15001', null, 'group1', 'string', '0', null, null, null, '18838030468', null, '2020-05-14 12:00:15.551', '2020-05-14 12:00:15.551');
INSERT INTO `act_hi_varinst` VALUES ('17508', '17507', '17507', null, 'group4', 'string', '0', null, null, null, '16574567343', null, '2020-05-14 12:03:05.407', '2020-05-14 12:03:05.407');
INSERT INTO `act_hi_varinst` VALUES ('17509', '17507', '17507', null, 'group3', 'string', '0', null, null, null, '14356474563', null, '2020-05-14 12:03:05.408', '2020-05-14 12:03:05.408');
INSERT INTO `act_hi_varinst` VALUES ('17510', '17507', '17507', null, 'group2', 'string', '0', null, null, null, '13788594732,13645756477', null, '2020-05-14 12:03:05.408', '2020-05-14 12:03:05.408');
INSERT INTO `act_hi_varinst` VALUES ('17511', '17507', '17507', null, 'group1', 'string', '0', null, null, null, '18838030468', null, '2020-05-14 12:03:05.408', '2020-05-14 12:03:05.408');
INSERT INTO `act_hi_varinst` VALUES ('2502', '2501', '2501', null, 'group4', 'string', '0', null, null, null, '16574567343', null, '2020-05-14 10:35:41.466', '2020-05-14 10:35:41.466');
INSERT INTO `act_hi_varinst` VALUES ('2503', '2501', '2501', null, 'group3', 'string', '0', null, null, null, '14356474563', null, '2020-05-14 10:35:41.467', '2020-05-14 10:35:41.467');
INSERT INTO `act_hi_varinst` VALUES ('2504', '2501', '2501', null, 'group2', 'string', '0', null, null, null, '13788594732,13645756477', null, '2020-05-14 10:35:41.467', '2020-05-14 10:35:41.467');
INSERT INTO `act_hi_varinst` VALUES ('2505', '2501', '2501', null, 'group1', 'string', '0', null, null, null, '18838030468', null, '2020-05-14 10:35:41.467', '2020-05-14 10:35:41.467');
INSERT INTO `act_hi_varinst` VALUES ('5002', '5001', '5001', null, 'group4', 'string', '0', null, null, null, '16574567343', null, '2020-05-14 11:11:57.154', '2020-05-14 11:11:57.154');
INSERT INTO `act_hi_varinst` VALUES ('5003', '5001', '5001', null, 'group3', 'string', '0', null, null, null, '14356474563', null, '2020-05-14 11:11:57.155', '2020-05-14 11:11:57.155');
INSERT INTO `act_hi_varinst` VALUES ('5004', '5001', '5001', null, 'group2', 'string', '0', null, null, null, '13788594732,13645756477', null, '2020-05-14 11:11:57.155', '2020-05-14 11:11:57.155');
INSERT INTO `act_hi_varinst` VALUES ('5005', '5001', '5001', null, 'group1', 'string', '0', null, null, null, '18838030468', null, '2020-05-14 11:11:57.155', '2020-05-14 11:11:57.155');

-- ----------------------------
-- Table structure for act_id_group
-- ----------------------------
DROP TABLE IF EXISTS `act_id_group`;
CREATE TABLE `act_id_group` (
  `ID_` varchar(64) COLLATE utf8_bin NOT NULL,
  `REV_` int(11) DEFAULT NULL,
  `NAME_` varchar(255) COLLATE utf8_bin DEFAULT NULL,
  `TYPE_` varchar(255) COLLATE utf8_bin DEFAULT NULL,
  PRIMARY KEY (`ID_`)
) ENGINE=InnoDB DEFAULT CHARSET=utf8 COLLATE=utf8_bin;

-- ----------------------------
-- Records of act_id_group
-- ----------------------------

-- ----------------------------
-- Table structure for act_id_info
-- ----------------------------
DROP TABLE IF EXISTS `act_id_info`;
CREATE TABLE `act_id_info` (
  `ID_` varchar(64) COLLATE utf8_bin NOT NULL,
  `REV_` int(11) DEFAULT NULL,
  `USER_ID_` varchar(64) COLLATE utf8_bin DEFAULT NULL,
  `TYPE_` varchar(64) COLLATE utf8_bin DEFAULT NULL,
  `KEY_` varchar(255) COLLATE utf8_bin DEFAULT NULL,
  `VALUE_` varchar(255) COLLATE utf8_bin DEFAULT NULL,
  `PASSWORD_` longblob,
  `PARENT_ID_` varchar(255) COLLATE utf8_bin DEFAULT NULL,
  PRIMARY KEY (`ID_`)
) ENGINE=InnoDB DEFAULT CHARSET=utf8 COLLATE=utf8_bin;

-- ----------------------------
-- Records of act_id_info
-- ----------------------------

-- ----------------------------
-- Table structure for act_id_membership
-- ----------------------------
DROP TABLE IF EXISTS `act_id_membership`;
CREATE TABLE `act_id_membership` (
  `USER_ID_` varchar(64) COLLATE utf8_bin NOT NULL,
  `GROUP_ID_` varchar(64) COLLATE utf8_bin NOT NULL,
  PRIMARY KEY (`USER_ID_`,`GROUP_ID_`),
  KEY `ACT_FK_MEMB_GROUP` (`GROUP_ID_`),
  CONSTRAINT `ACT_FK_MEMB_GROUP` FOREIGN KEY (`GROUP_ID_`) REFERENCES `act_id_group` (`ID_`),
  CONSTRAINT `ACT_FK_MEMB_USER` FOREIGN KEY (`USER_ID_`) REFERENCES `act_id_user` (`ID_`)
) ENGINE=InnoDB DEFAULT CHARSET=utf8 COLLATE=utf8_bin;

-- ----------------------------
-- Records of act_id_membership
-- ----------------------------

-- ----------------------------
-- Table structure for act_id_user
-- ----------------------------
DROP TABLE IF EXISTS `act_id_user`;
CREATE TABLE `act_id_user` (
  `ID_` varchar(64) COLLATE utf8_bin NOT NULL,
  `REV_` int(11) DEFAULT NULL,
  `FIRST_` varchar(255) COLLATE utf8_bin DEFAULT NULL,
  `LAST_` varchar(255) COLLATE utf8_bin DEFAULT NULL,
  `EMAIL_` varchar(255) COLLATE utf8_bin DEFAULT NULL,
  `PWD_` varchar(255) COLLATE utf8_bin DEFAULT NULL,
  `PICTURE_ID_` varchar(64) COLLATE utf8_bin DEFAULT NULL,
  PRIMARY KEY (`ID_`)
) ENGINE=InnoDB DEFAULT CHARSET=utf8 COLLATE=utf8_bin;

-- ----------------------------
-- Records of act_id_user
-- ----------------------------

-- ----------------------------
-- Table structure for act_procdef_info
-- ----------------------------
DROP TABLE IF EXISTS `act_procdef_info`;
CREATE TABLE `act_procdef_info` (
  `ID_` varchar(64) COLLATE utf8_bin NOT NULL,
  `PROC_DEF_ID_` varchar(64) COLLATE utf8_bin NOT NULL,
  `REV_` int(11) DEFAULT NULL,
  `INFO_JSON_ID_` varchar(64) COLLATE utf8_bin DEFAULT NULL,
  PRIMARY KEY (`ID_`),
  UNIQUE KEY `ACT_UNIQ_INFO_PROCDEF` (`PROC_DEF_ID_`),
  KEY `ACT_IDX_INFO_PROCDEF` (`PROC_DEF_ID_`),
  KEY `ACT_FK_INFO_JSON_BA` (`INFO_JSON_ID_`),
  CONSTRAINT `ACT_FK_INFO_JSON_BA` FOREIGN KEY (`INFO_JSON_ID_`) REFERENCES `act_ge_bytearray` (`ID_`),
  CONSTRAINT `ACT_FK_INFO_PROCDEF` FOREIGN KEY (`PROC_DEF_ID_`) REFERENCES `act_re_procdef` (`ID_`)
) ENGINE=InnoDB DEFAULT CHARSET=utf8 COLLATE=utf8_bin;

-- ----------------------------
-- Records of act_procdef_info
-- ----------------------------

-- ----------------------------
-- Table structure for act_re_deployment
-- ----------------------------
DROP TABLE IF EXISTS `act_re_deployment`;
CREATE TABLE `act_re_deployment` (
  `ID_` varchar(64) COLLATE utf8_bin NOT NULL,
  `NAME_` varchar(255) COLLATE utf8_bin DEFAULT NULL,
  `CATEGORY_` varchar(255) COLLATE utf8_bin DEFAULT NULL,
  `KEY_` varchar(255) COLLATE utf8_bin DEFAULT NULL,
  `TENANT_ID_` varchar(255) COLLATE utf8_bin DEFAULT '',
  `DEPLOY_TIME_` timestamp(3) NULL DEFAULT NULL,
  `ENGINE_VERSION_` varchar(255) COLLATE utf8_bin DEFAULT NULL,
  PRIMARY KEY (`ID_`)
) ENGINE=InnoDB DEFAULT CHARSET=utf8 COLLATE=utf8_bin;

-- ----------------------------
-- Records of act_re_deployment
-- ----------------------------
INSERT INTO `act_re_deployment` VALUES ('1', '', null, null, '', '2020-05-14 10:28:17.844', null);
INSERT INTO `act_re_deployment` VALUES ('27506', null, null, null, '', '2020-05-15 21:37:02.761', null);
INSERT INTO `act_re_deployment` VALUES ('30004', '', null, null, '', '2020-05-15 21:59:13.762', null);
INSERT INTO `act_re_deployment` VALUES ('30008', '22', null, null, '', '2020-05-15 22:06:45.782', null);

-- ----------------------------
-- Table structure for act_re_model
-- ----------------------------
DROP TABLE IF EXISTS `act_re_model`;
CREATE TABLE `act_re_model` (
  `ID_` varchar(64) COLLATE utf8_bin NOT NULL,
  `REV_` int(11) DEFAULT NULL,
  `NAME_` varchar(255) COLLATE utf8_bin DEFAULT NULL,
  `KEY_` varchar(255) COLLATE utf8_bin DEFAULT NULL,
  `CATEGORY_` varchar(255) COLLATE utf8_bin DEFAULT NULL,
  `CREATE_TIME_` timestamp(3) NULL DEFAULT NULL,
  `LAST_UPDATE_TIME_` timestamp(3) NULL DEFAULT NULL,
  `VERSION_` int(11) DEFAULT NULL,
  `META_INFO_` varchar(4000) COLLATE utf8_bin DEFAULT NULL,
  `DEPLOYMENT_ID_` varchar(64) COLLATE utf8_bin DEFAULT NULL,
  `EDITOR_SOURCE_VALUE_ID_` varchar(64) COLLATE utf8_bin DEFAULT NULL,
  `EDITOR_SOURCE_EXTRA_VALUE_ID_` varchar(64) COLLATE utf8_bin DEFAULT NULL,
  `TENANT_ID_` varchar(255) COLLATE utf8_bin DEFAULT '',
  PRIMARY KEY (`ID_`),
  KEY `ACT_FK_MODEL_SOURCE` (`EDITOR_SOURCE_VALUE_ID_`),
  KEY `ACT_FK_MODEL_SOURCE_EXTRA` (`EDITOR_SOURCE_EXTRA_VALUE_ID_`),
  KEY `ACT_FK_MODEL_DEPLOYMENT` (`DEPLOYMENT_ID_`),
  CONSTRAINT `ACT_FK_MODEL_DEPLOYMENT` FOREIGN KEY (`DEPLOYMENT_ID_`) REFERENCES `act_re_deployment` (`ID_`),
  CONSTRAINT `ACT_FK_MODEL_SOURCE` FOREIGN KEY (`EDITOR_SOURCE_VALUE_ID_`) REFERENCES `act_ge_bytearray` (`ID_`),
  CONSTRAINT `ACT_FK_MODEL_SOURCE_EXTRA` FOREIGN KEY (`EDITOR_SOURCE_EXTRA_VALUE_ID_`) REFERENCES `act_ge_bytearray` (`ID_`)
) ENGINE=InnoDB DEFAULT CHARSET=utf8 COLLATE=utf8_bin;

-- ----------------------------
-- Records of act_re_model
-- ----------------------------
INSERT INTO `act_re_model` VALUES ('27501', '2', 'modelName6', 'modelKey66', null, '2020-05-15 20:59:58.991', '2020-05-15 20:59:59.017', '1', '{\"name\":\"modelName6\",\"revision\":1,\"description\":\"modelKey666\"}', null, '27502', null, '');
INSERT INTO `act_re_model` VALUES ('27503', '8', null, 'modelKey66', null, '2020-05-15 21:02:52.666', '2020-05-15 21:39:07.767', '1', '{\"name\":null,\"revision\":1,\"description\":null}', null, '27504', '27505', '');
INSERT INTO `act_re_model` VALUES ('30001', '9', '22', 'modelKey66', null, '2020-05-15 21:41:08.216', '2020-05-15 22:06:16.339', '1', '{\"name\":\"22\",\"revision\":1,\"description\":\"22\"}', null, '30002', '30003', '');

-- ----------------------------
-- Table structure for act_re_procdef
-- ----------------------------
DROP TABLE IF EXISTS `act_re_procdef`;
CREATE TABLE `act_re_procdef` (
  `ID_` varchar(64) COLLATE utf8_bin NOT NULL,
  `REV_` int(11) DEFAULT NULL,
  `CATEGORY_` varchar(255) COLLATE utf8_bin DEFAULT NULL,
  `NAME_` varchar(255) COLLATE utf8_bin DEFAULT NULL,
  `KEY_` varchar(255) COLLATE utf8_bin NOT NULL,
  `VERSION_` int(11) NOT NULL,
  `DEPLOYMENT_ID_` varchar(64) COLLATE utf8_bin DEFAULT NULL,
  `RESOURCE_NAME_` varchar(4000) COLLATE utf8_bin DEFAULT NULL,
  `DGRM_RESOURCE_NAME_` varchar(4000) COLLATE utf8_bin DEFAULT NULL,
  `DESCRIPTION_` varchar(4000) COLLATE utf8_bin DEFAULT NULL,
  `HAS_START_FORM_KEY_` tinyint(4) DEFAULT NULL,
  `HAS_GRAPHICAL_NOTATION_` tinyint(4) DEFAULT NULL,
  `SUSPENSION_STATE_` int(11) DEFAULT NULL,
  `TENANT_ID_` varchar(255) COLLATE utf8_bin DEFAULT '',
  `ENGINE_VERSION_` varchar(255) COLLATE utf8_bin DEFAULT NULL,
  PRIMARY KEY (`ID_`),
  UNIQUE KEY `ACT_UNIQ_PROCDEF` (`KEY_`,`VERSION_`,`TENANT_ID_`)
) ENGINE=InnoDB DEFAULT CHARSET=utf8 COLLATE=utf8_bin;

-- ----------------------------
-- Records of act_re_procdef
-- ----------------------------
INSERT INTO `act_re_procdef` VALUES ('myProcess_1:1:4', '1', 'http://www.activiti.org/test', null, 'myProcess_1', '1', '1', 'process/group.bpmn', 'process/group.myProcess_1.png', null, '0', '1', '1', '', null);
INSERT INTO `act_re_procdef` VALUES ('test01:1:27509', '1', 'http://www.activiti.org/test', null, 'test01', '1', '27506', 'test01.bpmn', 'test01.test01.png', null, '0', '1', '1', '', null);
INSERT INTO `act_re_procdef` VALUES (':1:30007', '1', 'http://www.activiti.org/processdef', null, '', '1', '30004', '.bpmn', '..png', null, '0', '1', '1', '', null);
INSERT INTO `act_re_procdef` VALUES (':2:30011', '1', 'http://www.activiti.org/processdef', null, '', '2', '30008', '22.bpmn', '22..png', null, '0', '1', '1', '', null);

-- ----------------------------
-- Table structure for act_ru_deadletter_job
-- ----------------------------
DROP TABLE IF EXISTS `act_ru_deadletter_job`;
CREATE TABLE `act_ru_deadletter_job` (
  `ID_` varchar(64) COLLATE utf8_bin NOT NULL,
  `REV_` int(11) DEFAULT NULL,
  `TYPE_` varchar(255) COLLATE utf8_bin NOT NULL,
  `EXCLUSIVE_` tinyint(1) DEFAULT NULL,
  `EXECUTION_ID_` varchar(64) COLLATE utf8_bin DEFAULT NULL,
  `PROCESS_INSTANCE_ID_` varchar(64) COLLATE utf8_bin DEFAULT NULL,
  `PROC_DEF_ID_` varchar(64) COLLATE utf8_bin DEFAULT NULL,
  `EXCEPTION_STACK_ID_` varchar(64) COLLATE utf8_bin DEFAULT NULL,
  `EXCEPTION_MSG_` varchar(4000) COLLATE utf8_bin DEFAULT NULL,
  `DUEDATE_` timestamp(3) NULL DEFAULT NULL,
  `REPEAT_` varchar(255) COLLATE utf8_bin DEFAULT NULL,
  `HANDLER_TYPE_` varchar(255) COLLATE utf8_bin DEFAULT NULL,
  `HANDLER_CFG_` varchar(4000) COLLATE utf8_bin DEFAULT NULL,
  `TENANT_ID_` varchar(255) COLLATE utf8_bin DEFAULT '',
  PRIMARY KEY (`ID_`),
  KEY `ACT_FK_DEADLETTER_JOB_EXECUTION` (`EXECUTION_ID_`),
  KEY `ACT_FK_DEADLETTER_JOB_PROCESS_INSTANCE` (`PROCESS_INSTANCE_ID_`),
  KEY `ACT_FK_DEADLETTER_JOB_PROC_DEF` (`PROC_DEF_ID_`),
  KEY `ACT_FK_DEADLETTER_JOB_EXCEPTION` (`EXCEPTION_STACK_ID_`),
  CONSTRAINT `ACT_FK_DEADLETTER_JOB_EXCEPTION` FOREIGN KEY (`EXCEPTION_STACK_ID_`) REFERENCES `act_ge_bytearray` (`ID_`),
  CONSTRAINT `ACT_FK_DEADLETTER_JOB_EXECUTION` FOREIGN KEY (`EXECUTION_ID_`) REFERENCES `act_ru_execution` (`ID_`),
  CONSTRAINT `ACT_FK_DEADLETTER_JOB_PROCESS_INSTANCE` FOREIGN KEY (`PROCESS_INSTANCE_ID_`) REFERENCES `act_ru_execution` (`ID_`),
  CONSTRAINT `ACT_FK_DEADLETTER_JOB_PROC_DEF` FOREIGN KEY (`PROC_DEF_ID_`) REFERENCES `act_re_procdef` (`ID_`)
) ENGINE=InnoDB DEFAULT CHARSET=utf8 COLLATE=utf8_bin;

-- ----------------------------
-- Records of act_ru_deadletter_job
-- ----------------------------

-- ----------------------------
-- Table structure for act_ru_event_subscr
-- ----------------------------
DROP TABLE IF EXISTS `act_ru_event_subscr`;
CREATE TABLE `act_ru_event_subscr` (
  `ID_` varchar(64) COLLATE utf8_bin NOT NULL,
  `REV_` int(11) DEFAULT NULL,
  `EVENT_TYPE_` varchar(255) COLLATE utf8_bin NOT NULL,
  `EVENT_NAME_` varchar(255) COLLATE utf8_bin DEFAULT NULL,
  `EXECUTION_ID_` varchar(64) COLLATE utf8_bin DEFAULT NULL,
  `PROC_INST_ID_` varchar(64) COLLATE utf8_bin DEFAULT NULL,
  `ACTIVITY_ID_` varchar(64) COLLATE utf8_bin DEFAULT NULL,
  `CONFIGURATION_` varchar(255) COLLATE utf8_bin DEFAULT NULL,
  `CREATED_` timestamp(3) NOT NULL DEFAULT CURRENT_TIMESTAMP(3),
  `PROC_DEF_ID_` varchar(64) COLLATE utf8_bin DEFAULT NULL,
  `TENANT_ID_` varchar(255) COLLATE utf8_bin DEFAULT '',
  PRIMARY KEY (`ID_`),
  KEY `ACT_IDX_EVENT_SUBSCR_CONFIG_` (`CONFIGURATION_`),
  KEY `ACT_FK_EVENT_EXEC` (`EXECUTION_ID_`),
  CONSTRAINT `ACT_FK_EVENT_EXEC` FOREIGN KEY (`EXECUTION_ID_`) REFERENCES `act_ru_execution` (`ID_`)
) ENGINE=InnoDB DEFAULT CHARSET=utf8 COLLATE=utf8_bin;

-- ----------------------------
-- Records of act_ru_event_subscr
-- ----------------------------

-- ----------------------------
-- Table structure for act_ru_execution
-- ----------------------------
DROP TABLE IF EXISTS `act_ru_execution`;
CREATE TABLE `act_ru_execution` (
  `ID_` varchar(64) COLLATE utf8_bin NOT NULL,
  `REV_` int(11) DEFAULT NULL,
  `PROC_INST_ID_` varchar(64) COLLATE utf8_bin DEFAULT NULL,
  `BUSINESS_KEY_` varchar(255) COLLATE utf8_bin DEFAULT NULL,
  `PARENT_ID_` varchar(64) COLLATE utf8_bin DEFAULT NULL,
  `PROC_DEF_ID_` varchar(64) COLLATE utf8_bin DEFAULT NULL,
  `SUPER_EXEC_` varchar(64) COLLATE utf8_bin DEFAULT NULL,
  `ROOT_PROC_INST_ID_` varchar(64) COLLATE utf8_bin DEFAULT NULL,
  `ACT_ID_` varchar(255) COLLATE utf8_bin DEFAULT NULL,
  `IS_ACTIVE_` tinyint(4) DEFAULT NULL,
  `IS_CONCURRENT_` tinyint(4) DEFAULT NULL,
  `IS_SCOPE_` tinyint(4) DEFAULT NULL,
  `IS_EVENT_SCOPE_` tinyint(4) DEFAULT NULL,
  `IS_MI_ROOT_` tinyint(4) DEFAULT NULL,
  `SUSPENSION_STATE_` int(11) DEFAULT NULL,
  `CACHED_ENT_STATE_` int(11) DEFAULT NULL,
  `TENANT_ID_` varchar(255) COLLATE utf8_bin DEFAULT '',
  `NAME_` varchar(255) COLLATE utf8_bin DEFAULT NULL,
  `START_TIME_` datetime(3) DEFAULT NULL,
  `START_USER_ID_` varchar(255) COLLATE utf8_bin DEFAULT NULL,
  `LOCK_TIME_` timestamp(3) NULL DEFAULT NULL,
  `IS_COUNT_ENABLED_` tinyint(4) DEFAULT NULL,
  `EVT_SUBSCR_COUNT_` int(11) DEFAULT NULL,
  `TASK_COUNT_` int(11) DEFAULT NULL,
  `JOB_COUNT_` int(11) DEFAULT NULL,
  `TIMER_JOB_COUNT_` int(11) DEFAULT NULL,
  `SUSP_JOB_COUNT_` int(11) DEFAULT NULL,
  `DEADLETTER_JOB_COUNT_` int(11) DEFAULT NULL,
  `VAR_COUNT_` int(11) DEFAULT NULL,
  `ID_LINK_COUNT_` int(11) DEFAULT NULL,
  PRIMARY KEY (`ID_`),
  KEY `ACT_IDX_EXEC_BUSKEY` (`BUSINESS_KEY_`),
  KEY `ACT_IDC_EXEC_ROOT` (`ROOT_PROC_INST_ID_`),
  KEY `ACT_FK_EXE_PROCINST` (`PROC_INST_ID_`),
  KEY `ACT_FK_EXE_PARENT` (`PARENT_ID_`),
  KEY `ACT_FK_EXE_SUPER` (`SUPER_EXEC_`),
  KEY `ACT_FK_EXE_PROCDEF` (`PROC_DEF_ID_`),
  CONSTRAINT `ACT_FK_EXE_PARENT` FOREIGN KEY (`PARENT_ID_`) REFERENCES `act_ru_execution` (`ID_`) ON DELETE CASCADE,
  CONSTRAINT `ACT_FK_EXE_PROCDEF` FOREIGN KEY (`PROC_DEF_ID_`) REFERENCES `act_re_procdef` (`ID_`),
  CONSTRAINT `ACT_FK_EXE_PROCINST` FOREIGN KEY (`PROC_INST_ID_`) REFERENCES `act_ru_execution` (`ID_`) ON DELETE CASCADE ON UPDATE CASCADE,
  CONSTRAINT `ACT_FK_EXE_SUPER` FOREIGN KEY (`SUPER_EXEC_`) REFERENCES `act_ru_execution` (`ID_`) ON DELETE CASCADE
) ENGINE=InnoDB DEFAULT CHARSET=utf8 COLLATE=utf8_bin;

-- ----------------------------
-- Records of act_ru_execution
-- ----------------------------
INSERT INTO `act_ru_execution` VALUES ('12501', '1', '12501', '5bd7f238b1d64872bd215a31b65f94a3', null, 'myProcess_1:1:4', null, '12501', null, '1', '0', '1', '0', '0', '1', null, '', null, '2020-05-14 11:48:23.832', null, null, '0', '0', '0', '0', '0', '0', '0', '0', '0');
INSERT INTO `act_ru_execution` VALUES ('12506', '2', '12501', null, '12501', 'myProcess_1:1:4', null, '12501', '_4', '1', '0', '0', '0', '0', '1', null, '', null, '2020-05-14 11:48:23.846', null, null, '0', '0', '0', '0', '0', '0', '0', '0', '0');
INSERT INTO `act_ru_execution` VALUES ('15001', '1', '15001', 'c3264fafdb734f29949e429f09e54a19', null, 'myProcess_1:1:4', null, '15001', null, '1', '0', '1', '0', '0', '1', null, '', null, '2020-05-14 12:00:15.538', null, null, '0', '0', '0', '0', '0', '0', '0', '0', '0');
INSERT INTO `act_ru_execution` VALUES ('15006', '2', '15001', null, '15001', 'myProcess_1:1:4', null, '15001', '_4', '1', '0', '0', '0', '0', '1', null, '', null, '2020-05-14 12:00:15.551', null, null, '0', '0', '0', '0', '0', '0', '0', '0', '0');

-- ----------------------------
-- Table structure for act_ru_identitylink
-- ----------------------------
DROP TABLE IF EXISTS `act_ru_identitylink`;
CREATE TABLE `act_ru_identitylink` (
  `ID_` varchar(64) COLLATE utf8_bin NOT NULL,
  `REV_` int(11) DEFAULT NULL,
  `GROUP_ID_` varchar(255) COLLATE utf8_bin DEFAULT NULL,
  `TYPE_` varchar(255) COLLATE utf8_bin DEFAULT NULL,
  `USER_ID_` varchar(255) COLLATE utf8_bin DEFAULT NULL,
  `TASK_ID_` varchar(64) COLLATE utf8_bin DEFAULT NULL,
  `PROC_INST_ID_` varchar(64) COLLATE utf8_bin DEFAULT NULL,
  `PROC_DEF_ID_` varchar(64) COLLATE utf8_bin DEFAULT NULL,
  PRIMARY KEY (`ID_`),
  KEY `ACT_IDX_IDENT_LNK_USER` (`USER_ID_`),
  KEY `ACT_IDX_IDENT_LNK_GROUP` (`GROUP_ID_`),
  KEY `ACT_IDX_ATHRZ_PROCEDEF` (`PROC_DEF_ID_`),
  KEY `ACT_FK_TSKASS_TASK` (`TASK_ID_`),
  KEY `ACT_FK_IDL_PROCINST` (`PROC_INST_ID_`),
  CONSTRAINT `ACT_FK_ATHRZ_PROCEDEF` FOREIGN KEY (`PROC_DEF_ID_`) REFERENCES `act_re_procdef` (`ID_`),
  CONSTRAINT `ACT_FK_IDL_PROCINST` FOREIGN KEY (`PROC_INST_ID_`) REFERENCES `act_ru_execution` (`ID_`),
  CONSTRAINT `ACT_FK_TSKASS_TASK` FOREIGN KEY (`TASK_ID_`) REFERENCES `act_ru_task` (`ID_`)
) ENGINE=InnoDB DEFAULT CHARSET=utf8 COLLATE=utf8_bin;

-- ----------------------------
-- Records of act_ru_identitylink
-- ----------------------------
INSERT INTO `act_ru_identitylink` VALUES ('12511', '1', null, 'participant', '18838030468', null, '12501', null);
INSERT INTO `act_ru_identitylink` VALUES ('12514', '1', null, 'candidate', '13788594732', '12513', null, null);
INSERT INTO `act_ru_identitylink` VALUES ('12515', '1', null, 'participant', '13788594732', null, '12501', null);
INSERT INTO `act_ru_identitylink` VALUES ('12516', '1', null, 'candidate', '13645756477', '12513', null, null);
INSERT INTO `act_ru_identitylink` VALUES ('12517', '1', null, 'participant', '13645756477', null, '12501', null);
INSERT INTO `act_ru_identitylink` VALUES ('15011', '1', null, 'participant', '18838030468', null, '15001', null);
INSERT INTO `act_ru_identitylink` VALUES ('17503', '1', null, 'candidate', '13788594732', '17502', null, null);
INSERT INTO `act_ru_identitylink` VALUES ('17504', '1', null, 'participant', '13788594732', null, '15001', null);
INSERT INTO `act_ru_identitylink` VALUES ('17505', '1', null, 'candidate', '13645756477', '17502', null, null);
INSERT INTO `act_ru_identitylink` VALUES ('17506', '1', null, 'participant', '13645756477', null, '15001', null);

-- ----------------------------
-- Table structure for act_ru_job
-- ----------------------------
DROP TABLE IF EXISTS `act_ru_job`;
CREATE TABLE `act_ru_job` (
  `ID_` varchar(64) COLLATE utf8_bin NOT NULL,
  `REV_` int(11) DEFAULT NULL,
  `TYPE_` varchar(255) COLLATE utf8_bin NOT NULL,
  `LOCK_EXP_TIME_` timestamp(3) NULL DEFAULT NULL,
  `LOCK_OWNER_` varchar(255) COLLATE utf8_bin DEFAULT NULL,
  `EXCLUSIVE_` tinyint(1) DEFAULT NULL,
  `EXECUTION_ID_` varchar(64) COLLATE utf8_bin DEFAULT NULL,
  `PROCESS_INSTANCE_ID_` varchar(64) COLLATE utf8_bin DEFAULT NULL,
  `PROC_DEF_ID_` varchar(64) COLLATE utf8_bin DEFAULT NULL,
  `RETRIES_` int(11) DEFAULT NULL,
  `EXCEPTION_STACK_ID_` varchar(64) COLLATE utf8_bin DEFAULT NULL,
  `EXCEPTION_MSG_` varchar(4000) COLLATE utf8_bin DEFAULT NULL,
  `DUEDATE_` timestamp(3) NULL DEFAULT NULL,
  `REPEAT_` varchar(255) COLLATE utf8_bin DEFAULT NULL,
  `HANDLER_TYPE_` varchar(255) COLLATE utf8_bin DEFAULT NULL,
  `HANDLER_CFG_` varchar(4000) COLLATE utf8_bin DEFAULT NULL,
  `TENANT_ID_` varchar(255) COLLATE utf8_bin DEFAULT '',
  PRIMARY KEY (`ID_`),
  KEY `ACT_FK_JOB_EXECUTION` (`EXECUTION_ID_`),
  KEY `ACT_FK_JOB_PROCESS_INSTANCE` (`PROCESS_INSTANCE_ID_`),
  KEY `ACT_FK_JOB_PROC_DEF` (`PROC_DEF_ID_`),
  KEY `ACT_FK_JOB_EXCEPTION` (`EXCEPTION_STACK_ID_`),
  CONSTRAINT `ACT_FK_JOB_EXCEPTION` FOREIGN KEY (`EXCEPTION_STACK_ID_`) REFERENCES `act_ge_bytearray` (`ID_`),
  CONSTRAINT `ACT_FK_JOB_EXECUTION` FOREIGN KEY (`EXECUTION_ID_`) REFERENCES `act_ru_execution` (`ID_`),
  CONSTRAINT `ACT_FK_JOB_PROCESS_INSTANCE` FOREIGN KEY (`PROCESS_INSTANCE_ID_`) REFERENCES `act_ru_execution` (`ID_`),
  CONSTRAINT `ACT_FK_JOB_PROC_DEF` FOREIGN KEY (`PROC_DEF_ID_`) REFERENCES `act_re_procdef` (`ID_`)
) ENGINE=InnoDB DEFAULT CHARSET=utf8 COLLATE=utf8_bin;

-- ----------------------------
-- Records of act_ru_job
-- ----------------------------

-- ----------------------------
-- Table structure for act_ru_suspended_job
-- ----------------------------
DROP TABLE IF EXISTS `act_ru_suspended_job`;
CREATE TABLE `act_ru_suspended_job` (
  `ID_` varchar(64) COLLATE utf8_bin NOT NULL,
  `REV_` int(11) DEFAULT NULL,
  `TYPE_` varchar(255) COLLATE utf8_bin NOT NULL,
  `EXCLUSIVE_` tinyint(1) DEFAULT NULL,
  `EXECUTION_ID_` varchar(64) COLLATE utf8_bin DEFAULT NULL,
  `PROCESS_INSTANCE_ID_` varchar(64) COLLATE utf8_bin DEFAULT NULL,
  `PROC_DEF_ID_` varchar(64) COLLATE utf8_bin DEFAULT NULL,
  `RETRIES_` int(11) DEFAULT NULL,
  `EXCEPTION_STACK_ID_` varchar(64) COLLATE utf8_bin DEFAULT NULL,
  `EXCEPTION_MSG_` varchar(4000) COLLATE utf8_bin DEFAULT NULL,
  `DUEDATE_` timestamp(3) NULL DEFAULT NULL,
  `REPEAT_` varchar(255) COLLATE utf8_bin DEFAULT NULL,
  `HANDLER_TYPE_` varchar(255) COLLATE utf8_bin DEFAULT NULL,
  `HANDLER_CFG_` varchar(4000) COLLATE utf8_bin DEFAULT NULL,
  `TENANT_ID_` varchar(255) COLLATE utf8_bin DEFAULT '',
  PRIMARY KEY (`ID_`),
  KEY `ACT_FK_SUSPENDED_JOB_EXECUTION` (`EXECUTION_ID_`),
  KEY `ACT_FK_SUSPENDED_JOB_PROCESS_INSTANCE` (`PROCESS_INSTANCE_ID_`),
  KEY `ACT_FK_SUSPENDED_JOB_PROC_DEF` (`PROC_DEF_ID_`),
  KEY `ACT_FK_SUSPENDED_JOB_EXCEPTION` (`EXCEPTION_STACK_ID_`),
  CONSTRAINT `ACT_FK_SUSPENDED_JOB_EXCEPTION` FOREIGN KEY (`EXCEPTION_STACK_ID_`) REFERENCES `act_ge_bytearray` (`ID_`),
  CONSTRAINT `ACT_FK_SUSPENDED_JOB_EXECUTION` FOREIGN KEY (`EXECUTION_ID_`) REFERENCES `act_ru_execution` (`ID_`),
  CONSTRAINT `ACT_FK_SUSPENDED_JOB_PROCESS_INSTANCE` FOREIGN KEY (`PROCESS_INSTANCE_ID_`) REFERENCES `act_ru_execution` (`ID_`),
  CONSTRAINT `ACT_FK_SUSPENDED_JOB_PROC_DEF` FOREIGN KEY (`PROC_DEF_ID_`) REFERENCES `act_re_procdef` (`ID_`)
) ENGINE=InnoDB DEFAULT CHARSET=utf8 COLLATE=utf8_bin;

-- ----------------------------
-- Records of act_ru_suspended_job
-- ----------------------------

-- ----------------------------
-- Table structure for act_ru_task
-- ----------------------------
DROP TABLE IF EXISTS `act_ru_task`;
CREATE TABLE `act_ru_task` (
  `ID_` varchar(64) COLLATE utf8_bin NOT NULL,
  `REV_` int(11) DEFAULT NULL,
  `EXECUTION_ID_` varchar(64) COLLATE utf8_bin DEFAULT NULL,
  `PROC_INST_ID_` varchar(64) COLLATE utf8_bin DEFAULT NULL,
  `PROC_DEF_ID_` varchar(64) COLLATE utf8_bin DEFAULT NULL,
  `NAME_` varchar(255) COLLATE utf8_bin DEFAULT NULL,
  `PARENT_TASK_ID_` varchar(64) COLLATE utf8_bin DEFAULT NULL,
  `DESCRIPTION_` varchar(4000) COLLATE utf8_bin DEFAULT NULL,
  `TASK_DEF_KEY_` varchar(255) COLLATE utf8_bin DEFAULT NULL,
  `OWNER_` varchar(255) COLLATE utf8_bin DEFAULT NULL,
  `ASSIGNEE_` varchar(255) COLLATE utf8_bin DEFAULT NULL,
  `DELEGATION_` varchar(64) COLLATE utf8_bin DEFAULT NULL,
  `PRIORITY_` int(11) DEFAULT NULL,
  `CREATE_TIME_` timestamp(3) NULL DEFAULT NULL,
  `DUE_DATE_` datetime(3) DEFAULT NULL,
  `CATEGORY_` varchar(255) COLLATE utf8_bin DEFAULT NULL,
  `SUSPENSION_STATE_` int(11) DEFAULT NULL,
  `TENANT_ID_` varchar(255) COLLATE utf8_bin DEFAULT '',
  `FORM_KEY_` varchar(255) COLLATE utf8_bin DEFAULT NULL,
  `CLAIM_TIME_` datetime(3) DEFAULT NULL,
  PRIMARY KEY (`ID_`),
  KEY `ACT_IDX_TASK_CREATE` (`CREATE_TIME_`),
  KEY `ACT_FK_TASK_EXE` (`EXECUTION_ID_`),
  KEY `ACT_FK_TASK_PROCINST` (`PROC_INST_ID_`),
  KEY `ACT_FK_TASK_PROCDEF` (`PROC_DEF_ID_`),
  CONSTRAINT `ACT_FK_TASK_EXE` FOREIGN KEY (`EXECUTION_ID_`) REFERENCES `act_ru_execution` (`ID_`),
  CONSTRAINT `ACT_FK_TASK_PROCDEF` FOREIGN KEY (`PROC_DEF_ID_`) REFERENCES `act_re_procdef` (`ID_`),
  CONSTRAINT `ACT_FK_TASK_PROCINST` FOREIGN KEY (`PROC_INST_ID_`) REFERENCES `act_ru_execution` (`ID_`)
) ENGINE=InnoDB DEFAULT CHARSET=utf8 COLLATE=utf8_bin;

-- ----------------------------
-- Records of act_ru_task
-- ----------------------------
INSERT INTO `act_ru_task` VALUES ('12513', '1', '12506', '12501', 'myProcess_1:1:4', '', null, null, '_4', null, null, null, '50', '2020-05-14 11:49:35.762', null, null, '1', '', null, null);
INSERT INTO `act_ru_task` VALUES ('17502', '2', '15006', '15001', 'myProcess_1:1:4', '', null, null, '_4', null, '13788594732', null, '50', '2020-05-14 12:01:41.282', null, null, '1', '', null, '2020-05-14 15:05:42.025');

-- ----------------------------
-- Table structure for act_ru_timer_job
-- ----------------------------
DROP TABLE IF EXISTS `act_ru_timer_job`;
CREATE TABLE `act_ru_timer_job` (
  `ID_` varchar(64) COLLATE utf8_bin NOT NULL,
  `REV_` int(11) DEFAULT NULL,
  `TYPE_` varchar(255) COLLATE utf8_bin NOT NULL,
  `LOCK_EXP_TIME_` timestamp(3) NULL DEFAULT NULL,
  `LOCK_OWNER_` varchar(255) COLLATE utf8_bin DEFAULT NULL,
  `EXCLUSIVE_` tinyint(1) DEFAULT NULL,
  `EXECUTION_ID_` varchar(64) COLLATE utf8_bin DEFAULT NULL,
  `PROCESS_INSTANCE_ID_` varchar(64) COLLATE utf8_bin DEFAULT NULL,
  `PROC_DEF_ID_` varchar(64) COLLATE utf8_bin DEFAULT NULL,
  `RETRIES_` int(11) DEFAULT NULL,
  `EXCEPTION_STACK_ID_` varchar(64) COLLATE utf8_bin DEFAULT NULL,
  `EXCEPTION_MSG_` varchar(4000) COLLATE utf8_bin DEFAULT NULL,
  `DUEDATE_` timestamp(3) NULL DEFAULT NULL,
  `REPEAT_` varchar(255) COLLATE utf8_bin DEFAULT NULL,
  `HANDLER_TYPE_` varchar(255) COLLATE utf8_bin DEFAULT NULL,
  `HANDLER_CFG_` varchar(4000) COLLATE utf8_bin DEFAULT NULL,
  `TENANT_ID_` varchar(255) COLLATE utf8_bin DEFAULT '',
  PRIMARY KEY (`ID_`),
  KEY `ACT_FK_TIMER_JOB_EXECUTION` (`EXECUTION_ID_`),
  KEY `ACT_FK_TIMER_JOB_PROCESS_INSTANCE` (`PROCESS_INSTANCE_ID_`),
  KEY `ACT_FK_TIMER_JOB_PROC_DEF` (`PROC_DEF_ID_`),
  KEY `ACT_FK_TIMER_JOB_EXCEPTION` (`EXCEPTION_STACK_ID_`),
  CONSTRAINT `ACT_FK_TIMER_JOB_EXCEPTION` FOREIGN KEY (`EXCEPTION_STACK_ID_`) REFERENCES `act_ge_bytearray` (`ID_`),
  CONSTRAINT `ACT_FK_TIMER_JOB_EXECUTION` FOREIGN KEY (`EXECUTION_ID_`) REFERENCES `act_ru_execution` (`ID_`),
  CONSTRAINT `ACT_FK_TIMER_JOB_PROCESS_INSTANCE` FOREIGN KEY (`PROCESS_INSTANCE_ID_`) REFERENCES `act_ru_execution` (`ID_`),
  CONSTRAINT `ACT_FK_TIMER_JOB_PROC_DEF` FOREIGN KEY (`PROC_DEF_ID_`) REFERENCES `act_re_procdef` (`ID_`)
) ENGINE=InnoDB DEFAULT CHARSET=utf8 COLLATE=utf8_bin;

-- ----------------------------
-- Records of act_ru_timer_job
-- ----------------------------

-- ----------------------------
-- Table structure for act_ru_variable
-- ----------------------------
DROP TABLE IF EXISTS `act_ru_variable`;
CREATE TABLE `act_ru_variable` (
  `ID_` varchar(64) COLLATE utf8_bin NOT NULL,
  `REV_` int(11) DEFAULT NULL,
  `TYPE_` varchar(255) COLLATE utf8_bin NOT NULL,
  `NAME_` varchar(255) COLLATE utf8_bin NOT NULL,
  `EXECUTION_ID_` varchar(64) COLLATE utf8_bin DEFAULT NULL,
  `PROC_INST_ID_` varchar(64) COLLATE utf8_bin DEFAULT NULL,
  `TASK_ID_` varchar(64) COLLATE utf8_bin DEFAULT NULL,
  `BYTEARRAY_ID_` varchar(64) COLLATE utf8_bin DEFAULT NULL,
  `DOUBLE_` double DEFAULT NULL,
  `LONG_` bigint(20) DEFAULT NULL,
  `TEXT_` varchar(4000) COLLATE utf8_bin DEFAULT NULL,
  `TEXT2_` varchar(4000) COLLATE utf8_bin DEFAULT NULL,
  PRIMARY KEY (`ID_`),
  KEY `ACT_IDX_VARIABLE_TASK_ID` (`TASK_ID_`),
  KEY `ACT_FK_VAR_EXE` (`EXECUTION_ID_`),
  KEY `ACT_FK_VAR_PROCINST` (`PROC_INST_ID_`),
  KEY `ACT_FK_VAR_BYTEARRAY` (`BYTEARRAY_ID_`),
  CONSTRAINT `ACT_FK_VAR_BYTEARRAY` FOREIGN KEY (`BYTEARRAY_ID_`) REFERENCES `act_ge_bytearray` (`ID_`),
  CONSTRAINT `ACT_FK_VAR_EXE` FOREIGN KEY (`EXECUTION_ID_`) REFERENCES `act_ru_execution` (`ID_`),
  CONSTRAINT `ACT_FK_VAR_PROCINST` FOREIGN KEY (`PROC_INST_ID_`) REFERENCES `act_ru_execution` (`ID_`)
) ENGINE=InnoDB DEFAULT CHARSET=utf8 COLLATE=utf8_bin;

-- ----------------------------
-- Records of act_ru_variable
-- ----------------------------
INSERT INTO `act_ru_variable` VALUES ('12502', '1', 'string', 'group4', '12501', '12501', null, null, null, null, '16574567343', null);
INSERT INTO `act_ru_variable` VALUES ('12503', '1', 'string', 'group3', '12501', '12501', null, null, null, null, '14356474563', null);
INSERT INTO `act_ru_variable` VALUES ('12504', '1', 'string', 'group2', '12501', '12501', null, null, null, null, '13788594732,13645756477', null);
INSERT INTO `act_ru_variable` VALUES ('12505', '1', 'string', 'group1', '12501', '12501', null, null, null, null, '18838030468', null);
INSERT INTO `act_ru_variable` VALUES ('15002', '1', 'string', 'group4', '15001', '15001', null, null, null, null, '16574567343', null);
INSERT INTO `act_ru_variable` VALUES ('15003', '1', 'string', 'group3', '15001', '15001', null, null, null, null, '14356474563', null);
INSERT INTO `act_ru_variable` VALUES ('15004', '1', 'string', 'group2', '15001', '15001', null, null, null, null, '13788594732,13645756477', null);
INSERT INTO `act_ru_variable` VALUES ('15005', '1', 'string', 'group1', '15001', '15001', null, null, null, null, '18838030468', null);

-- ----------------------------
-- Table structure for dept
-- ----------------------------
DROP TABLE IF EXISTS `dept`;
CREATE TABLE `dept` (
  `id` int(11) NOT NULL AUTO_INCREMENT,
  `deptname` varchar(20) DEFAULT NULL,
  PRIMARY KEY (`id`)
) ENGINE=InnoDB AUTO_INCREMENT=5 DEFAULT CHARSET=utf8mb4;

-- ----------------------------
-- Records of dept
-- ----------------------------
INSERT INTO `dept` VALUES ('1', '');
INSERT INTO `dept` VALUES ('2', '');
INSERT INTO `dept` VALUES ('3', '');
INSERT INTO `dept` VALUES ('4', '');

-- ----------------------------
-- Table structure for holiday
-- ----------------------------
DROP TABLE IF EXISTS `holiday`;
CREATE TABLE `holiday` (
  `id` varchar(100) NOT NULL,
  `name` varchar(20) DEFAULT NULL,
  `time` varchar(20) DEFAULT NULL,
  `reason` varchar(30) DEFAULT NULL,
  `status` varchar(20) DEFAULT NULL,
  PRIMARY KEY (`id`)
) ENGINE=InnoDB DEFAULT CHARSET=utf8mb4;

-- ----------------------------
-- Records of holiday
-- ----------------------------
INSERT INTO `holiday` VALUES ('294af611549e4799835b342b280bc039', '', '100', '', '');
INSERT INTO `holiday` VALUES ('371d2839a8e5410eb2d0ec00664022c5', '', '20', '', '');
INSERT INTO `holiday` VALUES ('41be1434eabb4ed0887a1dfbf43b6c43', '', '5', '', '');
INSERT INTO `holiday` VALUES ('4b5ab19e3cce46b9972f920247003997', '', '3', '', '');
INSERT INTO `holiday` VALUES ('5bd7f238b1d64872bd215a31b65f94a3', '', '3', '', '');
INSERT INTO `holiday` VALUES ('73d5bd1fd7d342d993d4bae7ddf7463f', '', '3', '', '');
INSERT INTO `holiday` VALUES ('aa88990b98334379923c220211792772', '', '3', '', '');
INSERT INTO `holiday` VALUES ('c3264fafdb734f29949e429f09e54a19', '', '4', '', '');
INSERT INTO `holiday` VALUES ('cc0935ee08db4deea50dd266d442e03f', '', '10', '', '');
INSERT INTO `holiday` VALUES ('cfa54f270ee74b3996c34ddfa92e45a2', '', '100', '', '');
INSERT INTO `holiday` VALUES ('ecde6d14ffe748858fd0bd3550ff7652', '', '10', '', '');

-- ----------------------------
-- Table structure for user
-- ----------------------------
DROP TABLE IF EXISTS `user`;
CREATE TABLE `user` (
  `id` int(11) NOT NULL AUTO_INCREMENT,
  `account` varchar(20) DEFAULT NULL,
  `password` varchar(20) DEFAULT NULL,
  `deptid` int(11) DEFAULT NULL,
  PRIMARY KEY (`id`)
) ENGINE=InnoDB AUTO_INCREMENT=6 DEFAULT CHARSET=utf8mb4;

-- ----------------------------
-- Records of user
-- ----------------------------
INSERT INTO `user` VALUES ('1', '18838030468', '123456', '1');
INSERT INTO `user` VALUES ('2', '13788594732', '123456', '2');
INSERT INTO `user` VALUES ('3', '14356474563', '123456', '3');
INSERT INTO `user` VALUES ('4', '16574567343', '123456', '4');
INSERT INTO `user` VALUES ('5', '13645756477', '123456', '2');
